dataset,natural,n,p,classes,natural_missing_share,categorical_onehot_cols,source
iris,False,150,4,3,0.0,0,OpenML 61 (iris)
wine,False,178,13,3,0.0,0,OpenML 187 (wine)
glass,False,205,9,5,0.0,0,OpenML 41 (glass)
ecoli,False,327,7,5,0.0,0,OpenML 39 (ecoli)
ionosphere,False,351,33,2,0.0,0,OpenML 59 (ionosphere)
wdbc,False,569,30,2,0.0,0,OpenML 1510 (wdbc)
diabetes,False,768,8,2,0.0,0,OpenML 37 (diabetes)
vehicle,False,846,18,4,0.0,0,OpenML 54 (vehicle)
yeast,False,1479,8,9,0.0,0,OpenML 181 (yeast)
banknote,False,1372,4,2,0.0,0,OpenML 1462 (banknote-authentication)
qsar-biodeg,False,1055,41,2,0.0,0,OpenML 1494 (qsar-biodeg)
wine-quality-red,False,1599,11,6,0.0,0,OpenML 40691 (wine-quality-red)
segment,False,2000,18,7,0.0,0,OpenML 36 (segment)
spambase,False,2000,57,2,0.0,0,OpenML 44 (spambase)
MagicTelescope,False,2000,10,2,0.0,0,OpenML 1120 (MagicTelescope)
CKD,True,400,14,2,0.13892857142857143,10,UCI 336 (authors' GitHub copy)
Heart,True,302,5,2,0.0,15,"UCI 45 (1,025-row version, de-duplicated)"
Mice,True,1080,77,8,0.016786916786916788,0,UCI 342 (Genotype/Treatment/Behavior excluded: they define the label)
