dataset,mechanism,rate,seed,method,iterations,k,converged
iris,MCAR,0.1,0,EM-FA,53,1,True
iris,MCAR,0.1,0,EM-PPCA,15,1,True
iris,MCAR,0.1,1,EM-FA,56,1,True
iris,MCAR,0.1,1,EM-PPCA,15,1,True
iris,MCAR,0.1,2,EM-FA,51,1,True
iris,MCAR,0.1,2,EM-PPCA,15,1,True
iris,MCAR,0.3,0,EM-FA,112,1,True
iris,MCAR,0.3,0,EM-PPCA,17,1,True
iris,MCAR,0.3,1,EM-FA,70,1,True
iris,MCAR,0.3,1,EM-PPCA,14,1,True
iris,MCAR,0.3,2,EM-FA,79,1,True
iris,MCAR,0.3,2,EM-PPCA,14,1,True
iris,MCAR,0.5,0,EM-FA,112,1,True
iris,MCAR,0.5,0,EM-PPCA,14,1,True
iris,MCAR,0.5,1,EM-FA,44,1,True
iris,MCAR,0.5,1,EM-PPCA,14,1,True
iris,MCAR,0.5,2,EM-FA,131,1,True
iris,MCAR,0.5,2,EM-PPCA,14,1,True
iris,MAR,0.3,0,EM-FA,130,1,True
iris,MAR,0.3,0,EM-PPCA,15,1,True
iris,MAR,0.3,1,EM-FA,174,1,True
iris,MAR,0.3,1,EM-PPCA,22,1,True
iris,MAR,0.3,2,EM-FA,336,1,True
iris,MAR,0.3,2,EM-PPCA,29,1,True
iris,MNAR,0.3,0,EM-FA,178,2,True
iris,MNAR,0.3,0,EM-PPCA,55,2,True
iris,MNAR,0.3,1,EM-FA,195,2,True
iris,MNAR,0.3,1,EM-PPCA,41,2,True
iris,MNAR,0.3,2,EM-FA,199,1,True
iris,MNAR,0.3,2,EM-PPCA,16,1,True
wine,MCAR,0.1,0,EM-FA,50,3,True
wine,MCAR,0.1,0,EM-PPCA,15,3,True
wine,MCAR,0.1,1,EM-FA,98,3,True
wine,MCAR,0.1,1,EM-PPCA,15,3,True
wine,MCAR,0.1,2,EM-FA,63,3,True
wine,MCAR,0.1,2,EM-PPCA,14,3,True
wine,MCAR,0.3,0,EM-FA,155,4,True
wine,MCAR,0.3,0,EM-PPCA,17,4,True
wine,MCAR,0.3,1,EM-FA,109,3,True
wine,MCAR,0.3,1,EM-PPCA,13,3,True
wine,MCAR,0.3,2,EM-FA,57,3,True
wine,MCAR,0.3,2,EM-PPCA,14,3,True
wine,MCAR,0.5,0,EM-FA,228,4,True
wine,MCAR,0.5,0,EM-PPCA,18,4,True
wine,MCAR,0.5,1,EM-FA,143,3,True
wine,MCAR,0.5,1,EM-PPCA,16,3,True
wine,MCAR,0.5,2,EM-FA,187,4,True
wine,MCAR,0.5,2,EM-PPCA,19,4,True
wine,MAR,0.3,0,EM-FA,115,4,True
wine,MAR,0.3,0,EM-PPCA,21,4,True
wine,MAR,0.3,1,EM-FA,112,4,True
wine,MAR,0.3,1,EM-PPCA,19,4,True
wine,MAR,0.3,2,EM-FA,105,3,True
wine,MAR,0.3,2,EM-PPCA,16,3,True
wine,MNAR,0.3,0,EM-FA,91,4,True
wine,MNAR,0.3,0,EM-PPCA,16,4,True
wine,MNAR,0.3,1,EM-FA,143,4,True
wine,MNAR,0.3,1,EM-PPCA,23,4,True
wine,MNAR,0.3,2,EM-FA,140,3,True
wine,MNAR,0.3,2,EM-PPCA,28,3,True
glass,MCAR,0.1,0,EM-FA,247,4,True
glass,MCAR,0.1,0,EM-PPCA,15,4,True
glass,MCAR,0.1,1,EM-FA,288,4,True
glass,MCAR,0.1,1,EM-PPCA,16,4,True
glass,MCAR,0.1,2,EM-FA,278,4,True
glass,MCAR,0.1,2,EM-PPCA,16,4,True
glass,MCAR,0.3,0,EM-FA,273,4,True
glass,MCAR,0.3,0,EM-PPCA,19,4,True
glass,MCAR,0.3,1,EM-FA,263,4,True
glass,MCAR,0.3,1,EM-PPCA,22,4,True
glass,MCAR,0.3,2,EM-FA,290,4,True
glass,MCAR,0.3,2,EM-PPCA,19,4,True
glass,MCAR,0.5,0,EM-FA,380,4,True
glass,MCAR,0.5,0,EM-PPCA,29,4,True
glass,MCAR,0.5,1,EM-FA,425,4,True
glass,MCAR,0.5,1,EM-PPCA,42,4,True
glass,MCAR,0.5,2,EM-FA,301,4,True
glass,MCAR,0.5,2,EM-PPCA,57,4,True
glass,MAR,0.3,0,EM-FA,386,4,True
glass,MAR,0.3,0,EM-PPCA,27,4,True
glass,MAR,0.3,1,EM-FA,236,4,True
glass,MAR,0.3,1,EM-PPCA,27,4,True
glass,MAR,0.3,2,EM-FA,323,4,True
glass,MAR,0.3,2,EM-PPCA,21,4,True
glass,MNAR,0.3,0,EM-FA,288,4,True
glass,MNAR,0.3,0,EM-PPCA,21,4,True
glass,MNAR,0.3,1,EM-FA,441,3,True
glass,MNAR,0.3,1,EM-PPCA,17,3,True
glass,MNAR,0.3,2,EM-FA,321,3,True
glass,MNAR,0.3,2,EM-PPCA,14,3,True
ecoli,MCAR,0.1,0,EM-FA,99,2,True
ecoli,MCAR,0.1,0,EM-PPCA,12,2,True
ecoli,MCAR,0.1,1,EM-FA,61,3,True
ecoli,MCAR,0.1,1,EM-PPCA,16,3,True
ecoli,MCAR,0.1,2,EM-FA,41,3,True
ecoli,MCAR,0.1,2,EM-PPCA,17,3,True
ecoli,MCAR,0.3,0,EM-FA,151,2,True
ecoli,MCAR,0.3,0,EM-PPCA,18,2,True
ecoli,MCAR,0.3,1,EM-FA,23,2,True
ecoli,MCAR,0.3,1,EM-PPCA,14,2,True
ecoli,MCAR,0.3,2,EM-FA,293,3,True
ecoli,MCAR,0.3,2,EM-PPCA,18,3,True
ecoli,MCAR,0.5,0,EM-FA,181,3,True
ecoli,MCAR,0.5,0,EM-PPCA,26,3,True
ecoli,MCAR,0.5,1,EM-FA,219,3,True
ecoli,MCAR,0.5,1,EM-PPCA,67,3,True
ecoli,MCAR,0.5,2,EM-FA,54,3,True
ecoli,MCAR,0.5,2,EM-PPCA,135,3,True
ecoli,MAR,0.3,0,EM-FA,176,2,True
ecoli,MAR,0.3,0,EM-PPCA,21,2,True
ecoli,MAR,0.3,1,EM-FA,163,2,True
ecoli,MAR,0.3,1,EM-PPCA,14,2,True
ecoli,MAR,0.3,2,EM-FA,53,3,True
ecoli,MAR,0.3,2,EM-PPCA,75,3,True
ecoli,MNAR,0.3,0,EM-FA,104,2,True
ecoli,MNAR,0.3,0,EM-PPCA,15,2,True
ecoli,MNAR,0.3,1,EM-FA,175,3,True
ecoli,MNAR,0.3,1,EM-PPCA,30,3,True
ecoli,MNAR,0.3,2,EM-FA,36,2,True
ecoli,MNAR,0.3,2,EM-PPCA,16,2,True
ionosphere,MCAR,0.1,0,EM-FA,45,8,True
ionosphere,MCAR,0.1,0,EM-PPCA,19,8,True
ionosphere,MCAR,0.1,1,EM-FA,58,8,True
ionosphere,MCAR,0.1,1,EM-PPCA,35,8,True
ionosphere,MCAR,0.1,2,EM-FA,171,8,True
ionosphere,MCAR,0.1,2,EM-PPCA,19,8,True
ionosphere,MCAR,0.3,0,EM-FA,101,8,True
ionosphere,MCAR,0.3,0,EM-PPCA,69,8,True
ionosphere,MCAR,0.3,1,EM-FA,109,10,True
ionosphere,MCAR,0.3,1,EM-PPCA,46,10,True
ionosphere,MCAR,0.3,2,EM-FA,343,10,True
ionosphere,MCAR,0.3,2,EM-PPCA,39,10,True
ionosphere,MCAR,0.5,0,EM-FA,343,10,True
ionosphere,MCAR,0.5,0,EM-PPCA,66,10,True
ionosphere,MCAR,0.5,1,EM-FA,343,10,True
ionosphere,MCAR,0.5,1,EM-PPCA,98,10,True
ionosphere,MCAR,0.5,2,EM-FA,221,9,True
ionosphere,MCAR,0.5,2,EM-PPCA,41,9,True
ionosphere,MAR,0.3,0,EM-FA,467,10,True
ionosphere,MAR,0.3,0,EM-PPCA,28,10,True
ionosphere,MAR,0.3,1,EM-FA,297,9,True
ionosphere,MAR,0.3,1,EM-PPCA,57,9,True
ionosphere,MAR,0.3,2,EM-FA,155,9,True
ionosphere,MAR,0.3,2,EM-PPCA,28,9,True
ionosphere,MNAR,0.3,0,EM-FA,122,9,True
ionosphere,MNAR,0.3,0,EM-PPCA,44,9,True
ionosphere,MNAR,0.3,1,EM-FA,184,9,True
ionosphere,MNAR,0.3,1,EM-PPCA,30,9,True
ionosphere,MNAR,0.3,2,EM-FA,86,8,True
ionosphere,MNAR,0.3,2,EM-PPCA,47,8,True
wdbc,MCAR,0.1,0,EM-FA,141,6,True
wdbc,MCAR,0.1,0,EM-PPCA,18,6,True
wdbc,MCAR,0.1,1,EM-FA,159,6,True
wdbc,MCAR,0.1,1,EM-PPCA,16,6,True
wdbc,MCAR,0.1,2,EM-FA,133,6,True
wdbc,MCAR,0.1,2,EM-PPCA,18,6,True
wdbc,MCAR,0.3,0,EM-FA,118,6,True
wdbc,MCAR,0.3,0,EM-PPCA,21,6,True
wdbc,MCAR,0.3,1,EM-FA,152,6,True
wdbc,MCAR,0.3,1,EM-PPCA,23,6,True
wdbc,MCAR,0.3,2,EM-FA,110,6,True
wdbc,MCAR,0.3,2,EM-PPCA,25,6,True
wdbc,MCAR,0.5,0,EM-FA,123,6,True
wdbc,MCAR,0.5,0,EM-PPCA,31,6,True
wdbc,MCAR,0.5,1,EM-FA,106,6,True
wdbc,MCAR,0.5,1,EM-PPCA,27,6,True
wdbc,MCAR,0.5,2,EM-FA,133,6,True
wdbc,MCAR,0.5,2,EM-PPCA,32,6,True
wdbc,MAR,0.3,0,EM-FA,122,6,True
wdbc,MAR,0.3,0,EM-PPCA,47,6,True
wdbc,MAR,0.3,1,EM-FA,113,6,True
wdbc,MAR,0.3,1,EM-PPCA,32,6,True
wdbc,MAR,0.3,2,EM-FA,119,6,True
wdbc,MAR,0.3,2,EM-PPCA,44,6,True
wdbc,MNAR,0.3,0,EM-FA,100,6,True
wdbc,MNAR,0.3,0,EM-PPCA,50,6,True
wdbc,MNAR,0.3,1,EM-FA,134,6,True
wdbc,MNAR,0.3,1,EM-PPCA,62,6,True
wdbc,MNAR,0.3,2,EM-FA,121,6,True
wdbc,MNAR,0.3,2,EM-PPCA,57,6,True
diabetes,MCAR,0.1,0,EM-FA,242,3,True
diabetes,MCAR,0.1,0,EM-PPCA,14,3,True
diabetes,MCAR,0.1,1,EM-FA,253,3,True
diabetes,MCAR,0.1,1,EM-PPCA,14,3,True
diabetes,MCAR,0.1,2,EM-FA,201,3,True
diabetes,MCAR,0.1,2,EM-PPCA,14,3,True
diabetes,MCAR,0.3,0,EM-FA,142,3,True
diabetes,MCAR,0.3,0,EM-PPCA,17,3,True
diabetes,MCAR,0.3,1,EM-FA,173,3,True
diabetes,MCAR,0.3,1,EM-PPCA,16,3,True
diabetes,MCAR,0.3,2,EM-FA,183,3,True
diabetes,MCAR,0.3,2,EM-PPCA,16,3,True
diabetes,MCAR,0.5,0,EM-FA,53,2,True
diabetes,MCAR,0.5,0,EM-PPCA,13,2,True
diabetes,MCAR,0.5,1,EM-FA,335,3,True
diabetes,MCAR,0.5,1,EM-PPCA,23,3,True
diabetes,MCAR,0.5,2,EM-FA,158,3,True
diabetes,MCAR,0.5,2,EM-PPCA,21,3,True
diabetes,MAR,0.3,0,EM-FA,64,3,True
diabetes,MAR,0.3,0,EM-PPCA,16,3,True
diabetes,MAR,0.3,1,EM-FA,125,2,True
diabetes,MAR,0.3,1,EM-PPCA,12,2,True
diabetes,MAR,0.3,2,EM-FA,184,3,True
diabetes,MAR,0.3,2,EM-PPCA,25,3,True
diabetes,MNAR,0.3,0,EM-FA,219,3,True
diabetes,MNAR,0.3,0,EM-PPCA,17,3,True
diabetes,MNAR,0.3,1,EM-FA,137,3,True
diabetes,MNAR,0.3,1,EM-PPCA,16,3,True
diabetes,MNAR,0.3,2,EM-FA,190,3,True
diabetes,MNAR,0.3,2,EM-PPCA,20,3,True
vehicle,MCAR,0.1,0,EM-FA,49,4,True
vehicle,MCAR,0.1,0,EM-PPCA,17,4,True
vehicle,MCAR,0.1,1,EM-FA,39,4,True
vehicle,MCAR,0.1,1,EM-PPCA,17,4,True
vehicle,MCAR,0.1,2,EM-FA,47,4,True
vehicle,MCAR,0.1,2,EM-PPCA,15,4,True
vehicle,MCAR,0.3,0,EM-FA,58,4,True
vehicle,MCAR,0.3,0,EM-PPCA,19,4,True
vehicle,MCAR,0.3,1,EM-FA,58,4,True
vehicle,MCAR,0.3,1,EM-PPCA,15,4,True
vehicle,MCAR,0.3,2,EM-FA,47,4,True
vehicle,MCAR,0.3,2,EM-PPCA,21,4,True
vehicle,MCAR,0.5,0,EM-FA,68,4,True
vehicle,MCAR,0.5,0,EM-PPCA,18,4,True
vehicle,MCAR,0.5,1,EM-FA,61,4,True
vehicle,MCAR,0.5,1,EM-PPCA,39,4,True
vehicle,MCAR,0.5,2,EM-FA,79,4,True
vehicle,MCAR,0.5,2,EM-PPCA,17,4,True
vehicle,MAR,0.3,0,EM-FA,121,5,True
vehicle,MAR,0.3,0,EM-PPCA,44,5,True
vehicle,MAR,0.3,1,EM-FA,96,4,True
vehicle,MAR,0.3,1,EM-PPCA,54,4,True
vehicle,MAR,0.3,2,EM-FA,98,5,True
vehicle,MAR,0.3,2,EM-PPCA,66,5,True
vehicle,MNAR,0.3,0,EM-FA,173,4,True
vehicle,MNAR,0.3,0,EM-PPCA,60,4,True
vehicle,MNAR,0.3,1,EM-FA,92,4,True
vehicle,MNAR,0.3,1,EM-PPCA,43,4,True
vehicle,MNAR,0.3,2,EM-FA,61,4,True
vehicle,MNAR,0.3,2,EM-PPCA,27,4,True
yeast,MCAR,0.1,0,EM-FA,37,3,True
yeast,MCAR,0.1,0,EM-PPCA,60,3,True
yeast,MCAR,0.1,1,EM-FA,25,4,True
yeast,MCAR,0.1,1,EM-PPCA,19,4,True
yeast,MCAR,0.1,2,EM-FA,23,4,True
yeast,MCAR,0.1,2,EM-PPCA,19,4,True
yeast,MCAR,0.3,0,EM-FA,30,4,True
yeast,MCAR,0.3,0,EM-PPCA,26,4,True
yeast,MCAR,0.3,1,EM-FA,37,3,True
yeast,MCAR,0.3,1,EM-PPCA,19,3,True
yeast,MCAR,0.3,2,EM-FA,23,4,True
yeast,MCAR,0.3,2,EM-PPCA,24,4,True
yeast,MCAR,0.5,0,EM-FA,49,4,True
yeast,MCAR,0.5,0,EM-PPCA,33,4,True
yeast,MCAR,0.5,1,EM-FA,37,3,True
yeast,MCAR,0.5,1,EM-PPCA,46,3,True
yeast,MCAR,0.5,2,EM-FA,40,4,True
yeast,MCAR,0.5,2,EM-PPCA,35,4,True
yeast,MAR,0.3,0,EM-FA,19,3,True
yeast,MAR,0.3,0,EM-PPCA,30,3,True
yeast,MAR,0.3,1,EM-FA,20,4,True
yeast,MAR,0.3,1,EM-PPCA,21,4,True
yeast,MAR,0.3,2,EM-FA,25,4,True
yeast,MAR,0.3,2,EM-PPCA,29,4,True
yeast,MNAR,0.3,0,EM-FA,90,3,True
yeast,MNAR,0.3,0,EM-PPCA,23,3,True
yeast,MNAR,0.3,1,EM-FA,27,3,True
yeast,MNAR,0.3,1,EM-PPCA,21,3,True
yeast,MNAR,0.3,2,EM-FA,46,3,True
yeast,MNAR,0.3,2,EM-PPCA,21,3,True
banknote,MCAR,0.1,0,EM-FA,69,2,True
banknote,MCAR,0.1,0,EM-PPCA,18,2,True
banknote,MCAR,0.1,1,EM-FA,56,2,True
banknote,MCAR,0.1,1,EM-PPCA,18,2,True
banknote,MCAR,0.1,2,EM-FA,62,2,True
banknote,MCAR,0.1,2,EM-PPCA,17,2,True
banknote,MCAR,0.3,0,EM-FA,70,2,True
banknote,MCAR,0.3,0,EM-PPCA,19,2,True
banknote,MCAR,0.3,1,EM-FA,82,2,True
banknote,MCAR,0.3,1,EM-PPCA,19,2,True
banknote,MCAR,0.3,2,EM-FA,91,2,True
banknote,MCAR,0.3,2,EM-PPCA,19,2,True
banknote,MCAR,0.5,0,EM-FA,198,2,True
banknote,MCAR,0.5,0,EM-PPCA,24,2,True
banknote,MCAR,0.5,1,EM-FA,70,2,True
banknote,MCAR,0.5,1,EM-PPCA,24,2,True
banknote,MCAR,0.5,2,EM-FA,101,2,True
banknote,MCAR,0.5,2,EM-PPCA,24,2,True
banknote,MAR,0.3,0,EM-FA,58,2,True
banknote,MAR,0.3,0,EM-PPCA,25,2,True
banknote,MAR,0.3,1,EM-FA,147,2,True
banknote,MAR,0.3,1,EM-PPCA,20,2,True
banknote,MAR,0.3,2,EM-FA,51,2,True
banknote,MAR,0.3,2,EM-PPCA,21,2,True
banknote,MNAR,0.3,0,EM-FA,62,2,True
banknote,MNAR,0.3,0,EM-PPCA,22,2,True
banknote,MNAR,0.3,1,EM-FA,34,2,True
banknote,MNAR,0.3,1,EM-PPCA,19,2,True
banknote,MNAR,0.3,2,EM-FA,71,2,True
banknote,MNAR,0.3,2,EM-PPCA,21,2,True
qsar-biodeg,MCAR,0.1,0,EM-FA,104,10,True
qsar-biodeg,MCAR,0.1,0,EM-PPCA,27,10,True
qsar-biodeg,MCAR,0.1,1,EM-FA,95,10,True
qsar-biodeg,MCAR,0.1,1,EM-PPCA,26,10,True
qsar-biodeg,MCAR,0.1,2,EM-FA,92,10,True
qsar-biodeg,MCAR,0.1,2,EM-PPCA,19,10,True
qsar-biodeg,MCAR,0.3,0,EM-FA,86,10,True
qsar-biodeg,MCAR,0.3,0,EM-PPCA,126,10,True
qsar-biodeg,MCAR,0.3,1,EM-FA,104,10,True
qsar-biodeg,MCAR,0.3,1,EM-PPCA,79,10,True
qsar-biodeg,MCAR,0.3,2,EM-FA,103,10,True
qsar-biodeg,MCAR,0.3,2,EM-PPCA,60,10,True
qsar-biodeg,MCAR,0.5,0,EM-FA,129,10,True
qsar-biodeg,MCAR,0.5,0,EM-PPCA,44,10,True
qsar-biodeg,MCAR,0.5,1,EM-FA,105,10,True
qsar-biodeg,MCAR,0.5,1,EM-PPCA,40,10,True
qsar-biodeg,MCAR,0.5,2,EM-FA,139,10,True
qsar-biodeg,MCAR,0.5,2,EM-PPCA,49,10,True
qsar-biodeg,MAR,0.3,0,EM-FA,152,10,True
qsar-biodeg,MAR,0.3,0,EM-PPCA,38,10,True
qsar-biodeg,MAR,0.3,1,EM-FA,150,10,True
qsar-biodeg,MAR,0.3,1,EM-PPCA,50,10,True
qsar-biodeg,MAR,0.3,2,EM-FA,100,10,True
qsar-biodeg,MAR,0.3,2,EM-PPCA,50,10,True
qsar-biodeg,MNAR,0.3,0,EM-FA,91,10,True
qsar-biodeg,MNAR,0.3,0,EM-PPCA,47,10,True
qsar-biodeg,MNAR,0.3,1,EM-FA,115,10,True
qsar-biodeg,MNAR,0.3,1,EM-PPCA,39,10,True
qsar-biodeg,MNAR,0.3,2,EM-FA,205,10,True
qsar-biodeg,MNAR,0.3,2,EM-PPCA,93,10,True
wine-quality-red,MCAR,0.1,0,EM-FA,415,4,True
wine-quality-red,MCAR,0.1,0,EM-PPCA,14,4,True
wine-quality-red,MCAR,0.1,1,EM-FA,439,4,True
wine-quality-red,MCAR,0.1,1,EM-PPCA,14,4,True
wine-quality-red,MCAR,0.1,2,EM-FA,365,4,True
wine-quality-red,MCAR,0.1,2,EM-PPCA,14,4,True
wine-quality-red,MCAR,0.3,0,EM-FA,438,4,True
wine-quality-red,MCAR,0.3,0,EM-PPCA,14,4,True
wine-quality-red,MCAR,0.3,1,EM-FA,461,5,True
wine-quality-red,MCAR,0.3,1,EM-PPCA,17,5,True
wine-quality-red,MCAR,0.3,2,EM-FA,201,4,True
wine-quality-red,MCAR,0.3,2,EM-PPCA,14,4,True
wine-quality-red,MCAR,0.5,0,EM-FA,290,5,True
wine-quality-red,MCAR,0.5,0,EM-PPCA,25,5,True
wine-quality-red,MCAR,0.5,1,EM-FA,256,4,True
wine-quality-red,MCAR,0.5,1,EM-PPCA,19,4,True
wine-quality-red,MCAR,0.5,2,EM-FA,96,4,True
wine-quality-red,MCAR,0.5,2,EM-PPCA,19,4,True
wine-quality-red,MAR,0.3,0,EM-FA,224,4,True
wine-quality-red,MAR,0.3,0,EM-PPCA,23,4,True
wine-quality-red,MAR,0.3,1,EM-FA,228,4,True
wine-quality-red,MAR,0.3,1,EM-PPCA,24,4,True
wine-quality-red,MAR,0.3,2,EM-FA,425,5,True
wine-quality-red,MAR,0.3,2,EM-PPCA,21,5,True
wine-quality-red,MNAR,0.3,0,EM-FA,266,4,True
wine-quality-red,MNAR,0.3,0,EM-PPCA,22,4,True
wine-quality-red,MNAR,0.3,1,EM-FA,264,4,True
wine-quality-red,MNAR,0.3,1,EM-PPCA,17,4,True
wine-quality-red,MNAR,0.3,2,EM-FA,204,4,True
wine-quality-red,MNAR,0.3,2,EM-PPCA,15,4,True
segment,MCAR,0.1,0,EM-FA,80,4,True
segment,MCAR,0.1,0,EM-PPCA,16,4,True
segment,MCAR,0.1,1,EM-FA,78,4,True
segment,MCAR,0.1,1,EM-PPCA,15,4,True
segment,MCAR,0.1,2,EM-FA,80,4,True
segment,MCAR,0.1,2,EM-PPCA,41,4,True
segment,MCAR,0.3,0,EM-FA,65,4,True
segment,MCAR,0.3,0,EM-PPCA,15,4,True
segment,MCAR,0.3,1,EM-FA,68,4,True
segment,MCAR,0.3,1,EM-PPCA,18,4,True
segment,MCAR,0.3,2,EM-FA,69,4,True
segment,MCAR,0.3,2,EM-PPCA,53,4,True
segment,MCAR,0.5,0,EM-FA,65,4,True
segment,MCAR,0.5,0,EM-PPCA,24,4,True
segment,MCAR,0.5,1,EM-FA,62,4,True
segment,MCAR,0.5,1,EM-PPCA,32,4,True
segment,MCAR,0.5,2,EM-FA,79,4,True
segment,MCAR,0.5,2,EM-PPCA,27,4,True
segment,MAR,0.3,0,EM-FA,70,4,True
segment,MAR,0.3,0,EM-PPCA,18,4,True
segment,MAR,0.3,1,EM-FA,394,4,True
segment,MAR,0.3,1,EM-PPCA,33,4,True
segment,MAR,0.3,2,EM-FA,260,4,True
segment,MAR,0.3,2,EM-PPCA,23,4,True
segment,MNAR,0.3,0,EM-FA,459,5,True
segment,MNAR,0.3,0,EM-PPCA,40,5,True
segment,MNAR,0.3,1,EM-FA,91,5,True
segment,MNAR,0.3,1,EM-PPCA,41,5,True
segment,MNAR,0.3,2,EM-FA,208,4,True
segment,MNAR,0.3,2,EM-PPCA,36,4,True
spambase,MCAR,0.1,0,EM-FA,99,10,True
spambase,MCAR,0.1,0,EM-PPCA,20,10,True
spambase,MCAR,0.1,1,EM-FA,103,10,True
spambase,MCAR,0.1,1,EM-PPCA,19,10,True
spambase,MCAR,0.1,2,EM-FA,146,10,True
spambase,MCAR,0.1,2,EM-PPCA,24,10,True
spambase,MCAR,0.3,0,EM-FA,139,10,True
spambase,MCAR,0.3,0,EM-PPCA,53,10,True
spambase,MCAR,0.3,1,EM-FA,76,10,True
spambase,MCAR,0.3,1,EM-PPCA,35,10,True
spambase,MCAR,0.3,2,EM-FA,186,10,True
spambase,MCAR,0.3,2,EM-PPCA,33,10,True
spambase,MCAR,0.5,0,EM-FA,119,10,True
spambase,MCAR,0.5,0,EM-PPCA,58,10,True
spambase,MCAR,0.5,1,EM-FA,206,10,True
spambase,MCAR,0.5,1,EM-PPCA,146,10,True
spambase,MCAR,0.5,2,EM-FA,147,10,True
spambase,MCAR,0.5,2,EM-PPCA,68,10,True
spambase,MAR,0.3,0,EM-FA,158,10,True
spambase,MAR,0.3,0,EM-PPCA,43,10,True
spambase,MAR,0.3,1,EM-FA,200,10,True
spambase,MAR,0.3,1,EM-PPCA,137,10,True
spambase,MAR,0.3,2,EM-FA,136,10,True
spambase,MAR,0.3,2,EM-PPCA,133,10,True
spambase,MNAR,0.3,0,EM-FA,91,10,True
spambase,MNAR,0.3,0,EM-PPCA,37,10,True
spambase,MNAR,0.3,1,EM-FA,142,10,True
spambase,MNAR,0.3,1,EM-PPCA,77,10,True
spambase,MNAR,0.3,2,EM-FA,162,10,True
spambase,MNAR,0.3,2,EM-PPCA,74,10,True
MagicTelescope,MCAR,0.1,0,EM-FA,56,3,True
MagicTelescope,MCAR,0.1,0,EM-PPCA,15,3,True
MagicTelescope,MCAR,0.1,1,EM-FA,68,3,True
MagicTelescope,MCAR,0.1,1,EM-PPCA,14,3,True
MagicTelescope,MCAR,0.1,2,EM-FA,65,3,True
MagicTelescope,MCAR,0.1,2,EM-PPCA,14,3,True
MagicTelescope,MCAR,0.3,0,EM-FA,193,3,True
MagicTelescope,MCAR,0.3,0,EM-PPCA,15,3,True
MagicTelescope,MCAR,0.3,1,EM-FA,67,3,True
MagicTelescope,MCAR,0.3,1,EM-PPCA,14,3,True
MagicTelescope,MCAR,0.3,2,EM-FA,105,3,True
MagicTelescope,MCAR,0.3,2,EM-PPCA,14,3,True
MagicTelescope,MCAR,0.5,0,EM-FA,64,4,True
MagicTelescope,MCAR,0.5,0,EM-PPCA,28,4,True
MagicTelescope,MCAR,0.5,1,EM-FA,165,3,True
MagicTelescope,MCAR,0.5,1,EM-PPCA,33,3,True
MagicTelescope,MCAR,0.5,2,EM-FA,159,3,True
MagicTelescope,MCAR,0.5,2,EM-PPCA,15,3,True
MagicTelescope,MAR,0.3,0,EM-FA,73,3,True
MagicTelescope,MAR,0.3,0,EM-PPCA,20,3,True
MagicTelescope,MAR,0.3,1,EM-FA,214,3,True
MagicTelescope,MAR,0.3,1,EM-PPCA,21,3,True
MagicTelescope,MAR,0.3,2,EM-FA,139,3,True
MagicTelescope,MAR,0.3,2,EM-PPCA,27,3,True
MagicTelescope,MNAR,0.3,0,EM-FA,120,3,True
MagicTelescope,MNAR,0.3,0,EM-PPCA,18,3,True
MagicTelescope,MNAR,0.3,1,EM-FA,138,2,True
MagicTelescope,MNAR,0.3,1,EM-PPCA,23,2,True
MagicTelescope,MNAR,0.3,2,EM-FA,152,2,True
MagicTelescope,MNAR,0.3,2,EM-PPCA,16,2,True
CKD,MCAR,0.2,0,EM-FA,156,4,True
CKD,MCAR,0.2,0,EM-PPCA,28,4,True
CKD,MCAR,0.2,1,EM-FA,166,4,True
CKD,MCAR,0.2,1,EM-PPCA,129,4,True
CKD,MCAR,0.2,2,EM-FA,121,4,True
CKD,MCAR,0.2,2,EM-PPCA,29,4,True
Heart,MCAR,0.2,0,EM-FA,205,2,True
Heart,MCAR,0.2,0,EM-PPCA,16,2,True
Heart,MCAR,0.2,1,EM-FA,158,2,True
Heart,MCAR,0.2,1,EM-PPCA,16,2,True
Heart,MCAR,0.2,2,EM-FA,238,2,True
Heart,MCAR,0.2,2,EM-PPCA,16,2,True
Mice,MCAR,0.2,0,EM-FA,58,10,True
Mice,MCAR,0.2,0,EM-PPCA,21,10,True
Mice,MCAR,0.2,1,EM-FA,56,10,True
Mice,MCAR,0.2,1,EM-PPCA,19,10,True
Mice,MCAR,0.2,2,EM-FA,61,10,True
Mice,MCAR,0.2,2,EM-PPCA,22,10,True
scaling n=1000 p=10,MCAR,0.3,0,EM-FA,42,3,True
scaling n=1000 p=10,MCAR,0.3,0,EM-PPCA,21,3,True
scaling n=1000 p=50,MCAR,0.3,0,EM-FA,7,3,True
scaling n=1000 p=50,MCAR,0.3,0,EM-PPCA,4,3,True
scaling n=10000 p=10,MCAR,0.3,0,EM-FA,49,3,True
scaling n=10000 p=10,MCAR,0.3,0,EM-PPCA,18,3,True
scaling n=10000 p=50,MCAR,0.3,0,EM-FA,8,3,True
scaling n=10000 p=50,MCAR,0.3,0,EM-PPCA,4,3,True
scaling n=100000 p=10,MCAR,0.3,0,EM-FA,26,3,True
scaling n=100000 p=10,MCAR,0.3,0,EM-PPCA,19,3,True
scaling n=100000 p=50,MCAR,0.3,0,EM-FA,7,3,True
scaling n=100000 p=50,MCAR,0.3,0,EM-PPCA,4,3,True
