method,KNN,LR,RF,SVC,mean
Copula-NDI-F,0.8245,0.8444,0.7936,0.8192,0.8204
EM-FA,0.8245,0.8444,0.7936,0.8192,0.8204
EM-PPCA,0.8245,0.8444,0.7936,0.8192,0.8204
GAIN,0.8245,0.8444,0.7947,0.8192,0.8207
GaussCM,0.8245,0.8444,0.7936,0.8192,0.8204
HyperImpute,0.8245,0.8444,0.7936,0.8192,0.8204
KNN,0.8245,0.8444,0.7936,0.8192,0.8204
MICE,0.8245,0.8444,0.7936,0.8192,0.8204
MIWAE,0.8245,0.8444,0.7947,0.8192,0.8207
Mean,0.8245,0.8444,0.7936,0.8192,0.8204
MissForest,0.8245,0.8444,0.7936,0.8192,0.8204
NDI-0,0.8245,0.8444,0.7936,0.8192,0.8204
NDI-C,0.8245,0.8444,0.7936,0.8192,0.8204
NDI-F,0.8245,0.8444,0.7936,0.8192,0.8204
NDI-F-noclip,0.8245,0.8444,0.7936,0.8192,0.8204
NDI-F1,0.8245,0.8444,0.7936,0.8192,0.8204
NDI-S,0.8245,0.8444,0.7936,0.8192,0.8204
ReMasker,0.8245,0.8444,0.7947,0.8192,0.8207
Sinkhorn,0.8245,0.8444,0.7936,0.8192,0.8204
SoftImpute,0.8245,0.8444,0.7936,0.8192,0.8204
