dataset,Copula-NDI-F,EM-FA,EM-PPCA,GAIN,GaussCM,KNN,MICE,Mean,MissForest,NDI-0,NDI-C,NDI-F,NDI-F-noclip,NDI-F1,NDI-S,SoftImpute
MagicTelescope,0.813,0.797,0.828,0.985,0.802,0.878,0.908,0.998,0.775,1.135,0.878,0.818,0.822,0.829,0.822,0.828
banknote,0.86,0.843,0.847,0.874,0.844,0.922,0.892,1.007,0.833,1.348,0.941,0.856,0.857,0.89,0.868,0.905
diabetes,0.978,0.939,0.947,1.024,0.94,1.05,1.052,1.002,1.0,1.066,1.022,0.967,0.97,0.974,0.941,0.958
ecoli,0.865,0.845,0.862,0.939,0.824,0.986,1.002,0.913,0.868,0.979,0.952,0.859,0.867,0.853,0.835,0.846
glass,0.925,0.864,0.92,1.097,0.866,0.993,0.994,0.989,0.862,1.17,0.927,0.886,0.897,0.959,0.89,0.883
ionosphere,0.909,0.936,0.925,1.073,0.897,0.811,0.915,1.014,0.78,0.982,0.848,0.88,0.9,0.899,0.855,0.843
iris,0.766,0.733,0.805,0.774,0.726,0.802,0.758,1.025,0.761,1.054,0.842,0.751,0.752,0.752,0.765,0.816
qsar-biodeg,0.776,0.71,0.81,1.312,0.751,0.911,0.787,0.999,0.666,0.982,0.811,0.726,0.752,0.932,0.824,0.744
segment,0.704,0.655,0.737,0.862,0.648,0.971,0.719,0.99,0.562,1.034,0.755,0.678,0.685,0.769,0.726,0.681
spambase,0.989,0.974,0.969,0.97,0.968,1.04,1.012,1.013,0.947,1.019,0.955,0.956,0.965,0.964,0.947,0.943
vehicle,0.591,0.522,0.601,0.707,0.539,0.752,0.574,0.99,0.507,0.92,0.657,0.563,0.565,0.698,0.645,0.561
wdbc,0.532,0.533,0.552,0.749,0.54,0.968,0.555,0.999,0.554,0.822,0.66,0.536,0.538,0.77,0.667,0.525
wine,0.854,0.821,0.832,1.068,0.856,0.945,0.881,1.008,0.825,1.049,0.845,0.838,0.838,0.885,0.837,0.845
wine-quality-red,0.893,0.867,0.881,1.143,0.853,1.009,0.912,1.006,0.872,1.103,0.918,0.892,0.895,0.933,0.888,0.903
yeast,0.988,0.953,0.963,1.226,0.954,1.098,1.197,0.982,1.044,1.141,1.115,0.987,1.004,0.962,0.955,0.964
