dataset,Copula-NDI-F,EM-FA,EM-PPCA,GAIN,GaussCM,HyperImpute,KNN,MICE,MIWAE,Mean,MissForest,NDI-0,NDI-C,NDI-F,NDI-F-noclip,NDI-F1,NDI-S,ReMasker,Sinkhorn,SoftImpute
MagicTelescope,0.904,0.841,0.893,0.884,0.905,0.885,0.932,0.901,0.959,1.057,0.783,1.139,0.905,0.91,0.917,0.875,0.886,0.924,0.891,0.886
banknote,0.815,0.776,0.788,1.006,0.809,0.648,0.726,0.812,0.626,1.063,0.605,1.332,0.843,0.816,0.818,0.867,0.857,0.737,0.748,0.903
diabetes,0.971,0.944,0.953,1.091,0.935,0.927,0.998,1.028,1.05,1.014,0.943,1.033,0.981,0.965,0.972,0.977,0.938,0.999,0.961,0.952
ecoli,0.825,0.779,1.233,0.83,0.785,1.708,0.801,0.782,0.865,0.919,0.77,0.965,0.864,0.794,0.795,0.833,0.805,0.985,0.775,0.811
glass,0.935,0.811,0.959,0.94,0.877,0.926,0.901,0.896,1.109,1.02,0.818,1.141,0.925,0.861,0.899,0.996,0.916,1.107,1.043,0.865
ionosphere,0.911,0.883,0.856,0.898,0.922,0.782,0.785,0.913,0.996,1.031,0.771,0.995,0.857,0.881,0.896,0.917,0.864,1.026,0.774,0.843
iris,0.698,0.661,0.772,0.684,0.611,0.617,0.641,0.555,0.549,1.053,0.587,1.088,0.858,0.693,0.693,0.693,0.707,0.604,0.845,0.719
qsar-biodeg,0.806,0.809,0.864,0.798,0.773,,0.78,0.804,0.969,1.034,0.658,1.002,0.84,0.741,0.768,0.965,0.852,0.78,0.752,0.742
segment,0.714,0.609,0.761,0.698,0.658,0.519,0.564,0.706,0.64,1.025,0.498,1.067,0.734,0.676,0.682,0.751,0.725,0.511,0.733,0.659
spambase,0.975,0.967,0.977,0.969,0.971,0.861,0.987,1.099,0.989,0.989,0.919,0.997,0.94,0.954,0.964,0.963,0.937,0.872,0.867,0.932
vehicle,0.682,0.509,0.678,0.663,0.638,0.597,0.63,0.526,0.712,1.093,0.513,0.979,0.75,0.65,0.654,0.819,0.755,0.525,0.726,0.64
wdbc,0.601,0.568,0.555,0.571,0.601,0.538,0.861,0.465,0.565,1.057,0.574,0.884,0.73,0.602,0.602,0.846,0.739,0.662,0.671,0.563
wine,0.857,0.792,0.813,0.876,0.866,0.9,0.946,0.895,0.917,1.008,0.78,1.016,0.817,0.834,0.834,0.869,0.823,0.902,0.798,0.817
wine-quality-red,0.823,0.829,0.881,0.912,0.791,0.843,0.945,0.884,0.803,1.001,0.761,1.069,0.856,0.85,0.856,0.91,0.854,0.784,0.826,0.837
yeast,0.972,0.946,0.965,1.081,0.947,1.048,1.037,0.967,1.036,0.985,0.986,1.096,1.057,0.981,1.001,0.95,0.949,0.99,1.003,0.956
