n,p,method,time_s,rmse,status
1000,10,Mean,0.0003708629956236109,0.9868717365297683,ok
1000,10,NDI-0,0.0020076970031368546,1.0655513630031452,ok
1000,10,NDI-C,0.002330885996343568,0.6010896829089825,ok
1000,10,NDI-S,0.003820455000095535,0.6229439751061686,ok
1000,10,GaussCM,0.04254509299789788,0.4653871515969424,ok
1000,10,KNN,0.17074735300411703,0.7243843125084207,ok
1000,10,MICE,0.2637513340014266,0.4747054117977006,ok
1000,10,MissForest,2.1789634880042286,0.5056524557810338,ok
1000,10,SoftImpute,0.06602040500001749,0.5143643050925266,ok
1000,10,GAIN,10.198463944994728,0.5811706209488287,ok
1000,10,NDI-F1,0.0034951269990415312,0.7464790472670495,ok
1000,10,NDI-F-noclip,0.0038007540060789324,0.46039164588041726,ok
1000,10,NDI-F,0.003711053002916742,0.46064824818327155,ok
1000,10,Copula-NDI-F,0.022130490993731655,0.46190596825397784,ok
1000,10,MIWAE,9.559538102002989,0.5255535255006618,ok
1000,10,Sinkhorn,171.69818180099537,0.5630842411886946,ok
1000,10,HyperImpute,10.518682733003516,0.47932878308298965,ok
1000,10,ReMasker,191.76632295200397,0.5167640299937122,ok
1000,50,Mean,0.0010395810022600926,1.0027087813886018,ok
1000,50,NDI-0,0.0038883330053067766,1.0220710370899728,ok
1000,50,NDI-C,0.014357780004502274,0.5045876254039663,ok
1000,50,NDI-S,0.018707665003603324,0.5175133955375137,ok
1000,50,GaussCM,0.1757079450035235,0.4060850772150531,ok
1000,50,KNN,0.23665253500075778,0.44089865839048054,ok
1000,50,MICE,2.67779470700043,0.406029436577571,ok
1000,50,MissForest,14.498420465999516,0.4003414028327866,ok
1000,50,SoftImpute,1.33775824100303,0.3823945453694081,ok
1000,50,GAIN,10.433760769999935,0.5098138194444714,ok
1000,50,NDI-F1,0.01500692700210493,0.80152308648738,ok
1000,50,NDI-F-noclip,0.014992399999755435,0.3671766471377012,ok
1000,50,NDI-F,0.015717672002210747,0.3675825293505331,ok
1000,50,Copula-NDI-F,0.05009266200067941,0.3701395574963558,ok
1000,50,MIWAE,9.823281527998915,0.45454913391715407,ok
1000,50,Sinkhorn,203.1270202759988,0.43924096653109773,ok
1000,50,HyperImpute,21.788579790998483,0.4485937046391028,ok
1000,50,ReMasker,193.9483118690041,0.46070924779581807,ok
10000,10,Mean,0.0020853290043305606,1.0023045774783694,ok
10000,10,NDI-0,0.008256492001237348,1.098248807668525,ok
10000,10,NDI-C,0.011679062998155132,0.6629830202364939,ok
10000,10,NDI-S,0.012180566998722497,0.6976606318107571,ok
10000,10,GaussCM,0.07564483700116398,0.5173194888170188,ok
10000,10,KNN,,,skipped (too costly)
10000,10,MICE,0.5136120890019811,0.5220290638082498,ok
10000,10,MissForest,,,skipped (too costly)
10000,10,SoftImpute,0.5718646780005656,0.5954903232435176,ok
10000,10,GAIN,10.56799149300059,0.6868422218734793,ok
10000,10,NDI-F1,0.015170054997724947,0.8451935762776104,ok
10000,10,NDI-F-noclip,0.01985971099929884,0.5325445696341481,ok
10000,10,NDI-F,0.025564445000782143,0.5325427071225219,ok
10000,10,Copula-NDI-F,0.051439458002278116,0.5329459373603197,ok
10000,10,MIWAE,,,skipped (too costly)
10000,10,Sinkhorn,,,skipped (too costly)
10000,10,HyperImpute,,,skipped (too costly)
10000,10,ReMasker,,,skipped (too costly)
10000,50,Mean,0.009283377999963704,1.0021834779261656,ok
10000,50,NDI-0,0.0290857119980501,1.0122427397301414,ok
10000,50,NDI-C,0.15996792799705872,0.5009551425362804,ok
10000,50,NDI-S,0.17469338200316997,0.5130727412223681,ok
10000,50,GaussCM,1.3681354310028837,0.3740162642951008,ok
10000,50,KNN,,,skipped (too costly)
10000,50,MICE,15.880325571997673,0.3674273074348968,ok
10000,50,MissForest,,,skipped (too costly)
10000,50,SoftImpute,2.634411311999429,0.3797356346291646,ok
10000,50,GAIN,10.609823186998256,0.40131569427314895,ok
10000,50,NDI-F1,0.15693806800118182,0.7817082763069673,ok
10000,50,NDI-F-noclip,0.17693007700290764,0.36610296077095295,ok
10000,50,NDI-F,0.18393601800198667,0.3661131239127701,ok
10000,50,Copula-NDI-F,0.30225644399615703,0.3664278782643738,ok
10000,50,MIWAE,,,skipped (too costly)
10000,50,Sinkhorn,,,skipped (too costly)
10000,50,HyperImpute,,,skipped (too costly)
10000,50,ReMasker,,,skipped (too costly)
100000,10,Mean,0.025465074999374337,1.0005368476791698,ok
100000,10,NDI-0,0.06971986399730667,1.1249350974638161,ok
100000,10,NDI-C,0.11401315300463466,0.590506572226025,ok
100000,10,NDI-S,0.14221122100570938,0.6344521877879059,ok
100000,10,GaussCM,0.25648039700172376,0.4247848592979052,ok
100000,10,KNN,,,skipped (too costly)
100000,10,MICE,,,skipped (too costly)
100000,10,MissForest,,,skipped (too costly)
100000,10,SoftImpute,8.49937145000149,0.5050710506659494,ok
100000,10,GAIN,10.412788987996464,0.6224073935893786,ok
100000,10,NDI-F1,0.2012874069987447,0.8336224802357001,ok
100000,10,NDI-F-noclip,0.35906328699638834,0.42840666804883737,ok
100000,10,NDI-F,0.34785769099835306,0.4284064239661509,ok
100000,10,Copula-NDI-F,0.43448145500588,0.42845328221882023,ok
100000,10,MIWAE,,,skipped (too costly)
100000,10,Sinkhorn,,,skipped (too costly)
100000,10,HyperImpute,,,skipped (too costly)
100000,10,ReMasker,,,skipped (too costly)
100000,50,Mean,0.08624045200122055,0.999227615615716,ok
100000,50,NDI-0,0.26424976700218394,1.0173526359249307,ok
100000,50,NDI-C,1.7431633029991644,0.5110430854871362,ok
100000,50,NDI-S,1.7743790530003025,0.5227048835625876,ok
100000,50,GaussCM,15.294363547996909,0.3790908682876628,ok
100000,50,KNN,,,skipped (too costly)
100000,50,MICE,,,skipped (too costly)
100000,50,MissForest,,,skipped (too costly)
100000,50,SoftImpute,47.19237012799567,0.3902335877780147,ok
100000,50,GAIN,10.843546700001752,0.4817878143819915,ok
100000,50,NDI-F1,1.6749132170007215,0.7822431769155642,ok
100000,50,NDI-F-noclip,1.7204968459991505,0.3784049379737617,ok
100000,50,NDI-F,1.8327259270008653,0.3784057764471104,ok
100000,50,Copula-NDI-F,3.848495862999698,0.3784231348105212,ok
100000,50,MIWAE,,,skipped (too costly)
100000,50,Sinkhorn,,,skipped (too costly)
100000,50,HyperImpute,,,skipped (too costly)
100000,50,ReMasker,,,skipped (too costly)
1000,10,EM-FA,0.12444755100000293,0.45226419639091026,ok
1000,10,EM-PPCA,0.06650530000001709,0.46934540673284164,ok
1000,50,EM-FA,0.05529761800016786,0.3645136513596707,ok
1000,50,EM-PPCA,0.043093808999856265,0.37088212772277107,ok
10000,10,EM-FA,1.3690756369999235,0.5154386932508309,ok
10000,10,EM-PPCA,0.5414013230001729,0.5934652144057059,ok
10000,50,EM-FA,0.8987003390000154,0.3650584183165253,ok
10000,50,EM-PPCA,0.42732460499996705,0.3711216313313845,ok
100000,10,EM-FA,3.8417196689999855,0.42435914840314765,ok
100000,10,EM-PPCA,2.867698025999971,0.4458241031780557,ok
100000,50,EM-FA,5.558382489999985,0.3775915079060399,ok
100000,50,EM-PPCA,3.595860413000082,0.384160630784467,ok
