p,10,10,10,50,50,50
n,1000,10000,100000,1000,10000,100000
method,,,,,,
Copula-NDI-F,0.02,0.05,0.43,0.05,0.3,3.85
EM-FA,0.12,1.37,3.84,0.06,0.9,5.56
EM-PPCA,0.07,0.54,2.87,0.04,0.43,3.6
GAIN,10.2,10.57,10.41,10.43,10.61,10.84
GaussCM,0.04,0.08,0.26,0.18,1.37,15.29
HyperImpute,10.52,,,21.79,,
KNN,0.17,,,0.24,,
MICE,0.26,0.51,,2.68,15.88,
MIWAE,9.56,,,9.82,,
Mean,0.0,0.0,0.03,0.0,0.01,0.09
MissForest,2.18,,,14.5,,
NDI-0,0.0,0.01,0.07,0.0,0.03,0.26
NDI-C,0.0,0.01,0.11,0.01,0.16,1.74
NDI-F,0.0,0.03,0.35,0.02,0.18,1.83
NDI-F-noclip,0.0,0.02,0.36,0.01,0.18,1.72
NDI-F1,0.0,0.02,0.2,0.02,0.16,1.67
NDI-S,0.0,0.01,0.14,0.02,0.17,1.77
ReMasker,191.77,,,193.95,,
Sinkhorn,171.7,,,203.13,,
SoftImpute,0.07,0.57,8.5,1.34,2.63,47.19
