setting,method,rmse_mean,rmse_sd,mae_mean,oob_mean,time_mean_s,avg_rank
MAR-30%,MissForest,0.7310982575470015,0.15349930496529032,0.4304767919693155,0.0026776267074814513,3.9335544845557906,2.8
MAR-30%,EM-FA,0.7815023868677083,0.13885376339994676,0.48287183081297136,0.0492811299495959,0.9818558929777824,5.4
MAR-30%,GaussCM,0.8059612463651813,0.1274281823574578,0.5255044276957758,0.061177792804090185,0.05906177553343792,7.466666666666667
MAR-30%,SoftImpute,0.808270648720238,0.1199864163015397,0.5273111707684534,0.024213652088240945,0.3256514837999121,7.333333333333333
MAR-30%,NDI-F,0.8138433882934686,0.11931513429109042,0.5263798544193913,0.0,0.008309478466758717,8.6
MAR-30%,MICE,0.8155562872260306,0.1832735310822414,0.5054972561147267,0.06006769350583894,0.708796189043955,9.733333333333333
MAR-30%,NDI-F-noclip,0.8234430710622784,0.12337170787042265,0.5401733059230189,0.06559445792936339,0.0072981424218798285,10.433333333333334
MAR-30%,ReMasker,0.8271012357852764,0.18841311926737916,0.5221085364311149,0.0,197.51356972733313,10.2
MAR-30%,Sinkhorn,0.8276553318176513,0.10816427740482748,0.4956447926251309,0.03656966156926446,365.4629695455336,8.866666666666667
MAR-30%,Copula-NDI-F,0.8326300097807356,0.11675627913634826,0.4917330034506192,7.194039387508e-05,0.022239960577796047,11.0
MAR-30%,KNN,0.8357432454863856,0.14659939764640384,0.5056844752928216,0.0,0.1774403038889229,11.066666666666666
MAR-30%,NDI-S,0.8404190207500971,0.08014544747427774,0.5595192153682305,0.02342729020295484,0.0054008898669861425,10.2
MAR-30%,HyperImpute,0.8428054259888869,0.2988482834817955,0.49202196464589226,0.0,22.335823917133105,7.214285714285714
MAR-30%,MIWAE,0.8523175297690139,0.18896207649933602,0.4752901459213652,0.08640005430666882,11.917251366666429,12.466666666666667
MAR-30%,GAIN,0.8600109655853555,0.15377425488832136,0.5522283832834398,0.012305261256325199,10.736606428844494,12.466666666666667
MAR-30%,EM-PPCA,0.863271714531017,0.15450764297621714,0.5362567224581466,0.05545860665982231,0.38904977179999173,11.066666666666666
MAR-30%,NDI-C,0.8638663980920988,0.08986107415638116,0.5803770594891214,0.04791017885115469,0.005944126822426618,12.8
MAR-30%,NDI-F1,0.8821606401974741,0.0858446945220562,0.5866076583748616,0.017716922142422577,0.006684746022367256,12.966666666666667
MAR-30%,Mean,1.0232747023785744,0.04161129097948732,0.7265352779486215,0.0,0.0005033494892510253,17.933333333333334
MAR-30%,NDI-0,1.0536372153352824,0.10329335850603642,0.7469974421746405,0.048343793973595145,0.0017845840666773246,19.133333333333333
MCAR-10%,MissForest,0.6530986449594718,0.16500946973208722,0.3732076446697913,0.0030451805228020024,4.581587814288417,2.3333333333333335
MCAR-10%,MICE,0.677133811271223,0.18092512890719847,0.4112276607711977,0.04410834448373368,0.7880293434001739,3.4
MCAR-10%,GaussCM,0.680349330442149,0.17044831579693417,0.42295603701657075,0.053477513674373124,0.05305727148871579,2.8666666666666667
MCAR-10%,EM-FA,0.7080746474035955,0.14334735092638834,0.4376299097440262,0.03985828719136437,0.6484742258222266,4.533333333333333
MCAR-10%,SoftImpute,0.7084415469665817,0.16167028012255735,0.44297639689546897,0.02797435899505091,0.20340688482237962,5.2
MCAR-10%,NDI-F,0.7319787058672266,0.14682478263553772,0.4625673492399517,0.0,0.009116952822548883,6.6
MCAR-10%,NDI-F-noclip,0.7394253770518661,0.1485414878883588,0.4755769130912988,0.06419731931288639,0.007972723844270302,7.966666666666667
MCAR-10%,EM-PPCA,0.7497209230122853,0.12738510681790452,0.4841028534619556,0.046854166789463414,0.12138185102222422,8.066666666666666
MCAR-10%,Copula-NDI-F,0.7585410458006157,0.1499075216836689,0.42686715801194836,0.0,0.026520820466683033,8.866666666666667
MCAR-10%,KNN,0.7867876187178133,0.16847831727258086,0.47046560635723994,0.0,0.11825943828873477,9.466666666666667
MCAR-10%,NDI-S,0.789589901007979,0.10203354933366934,0.520935602037119,0.02400018756186909,0.005741839600058336,10.2
MCAR-10%,NDI-C,0.7968088989866475,0.09994252347477045,0.5297531114278103,0.04470756384953096,0.005856841022159589,10.933333333333334
MCAR-10%,GAIN,0.8093761147430661,0.16392587380645074,0.5299149699744454,0.010247455372135674,10.677743408066869,12.466666666666667
MCAR-10%,NDI-F1,0.8470298435686162,0.11158955158623492,0.5535696881036631,0.018083965882468956,0.006080374777815797,12.5
MCAR-10%,Mean,1.003685238468303,0.035726719616627406,0.7115425401061299,0.0,0.00037804897779598136,15.333333333333334
MCAR-10%,NDI-0,1.0140809903001458,0.10589281357761583,0.7137865658872175,0.04201282520625853,0.0017610348669525354,15.266666666666667
MCAR-30%,MissForest,0.7049898292681601,0.15987828098902082,0.4143586199788575,0.0044855045524059955,4.297139494133232,2.6
MCAR-30%,GaussCM,0.7367197596429522,0.15343682881558154,0.4670548074032687,0.05384405049426162,0.06985135548862263,4.333333333333333
MCAR-30%,EM-FA,0.7464802906490886,0.14181436515055315,0.46391463107061476,0.039901669581943,0.751885616644448,5.066666666666666
MCAR-30%,SoftImpute,0.7538770685096142,0.1496464160139196,0.4807496376771698,0.02424013130947876,0.3049897466446661,6.133333333333334
MCAR-30%,NDI-F,0.7651006090850968,0.14753734659121867,0.4861754286239963,0.0,0.008689756977481764,7.4
MCAR-30%,NDI-F-noclip,0.7736707353493045,0.14866247109227843,0.4995327583108639,0.06656198001593,0.00846582955555272,9.3
MCAR-30%,ReMasker,0.7776504034597258,0.14740150467258648,0.480551996462883,0.0,197.41461761913294,9.0
MCAR-30%,Sinkhorn,0.782141318432097,0.1440056724746818,0.45105577101141786,0.04046182238122084,365.2317994201333,9.133333333333333
MCAR-30%,Copula-NDI-F,0.785160784332413,0.1394260185059177,0.4475658032215853,0.0,0.023722888800077436,9.866666666666667
MCAR-30%,EM-PPCA,0.7876835747984682,0.13371210058655197,0.5090649582194493,0.04826315154670173,0.29394331851111194,10.0
MCAR-30%,NDI-S,0.8013281649003812,0.09688559720448557,0.5306203945438701,0.02243959277825165,0.006343021044742414,11.266666666666667
MCAR-30%,MICE,0.8042162842344268,0.18732887980458607,0.49839181822598516,0.055742782184461645,0.7509258290444146,11.133333333333333
MCAR-30%,NDI-C,0.8214975990037275,0.11287154994553589,0.5492296026423091,0.0488188950850957,0.005904939333261858,13.466666666666667
MCAR-30%,GAIN,0.8293459969305544,0.14979372465583776,0.5425239613212135,0.009760049831087487,10.72424060153365,14.466666666666667
MCAR-30%,NDI-F1,0.8509193370405146,0.09424519303402674,0.5583507713628623,0.016817926502410048,0.006303238444282466,14.1
MCAR-30%,MIWAE,0.8571636537915076,0.1988368505568503,0.47759724835732303,0.07630235927685017,11.728443227667292,13.866666666666667
MCAR-30%,KNN,0.8653862530244497,0.14727867642355336,0.5440521108679532,0.0,0.18297069784436337,14.666666666666666
MCAR-30%,HyperImpute,0.9105038734228421,0.5311058931834368,0.4919215960240347,0.0,36.56077042866679,6.642857142857143
MCAR-30%,Mean,0.9942402055873544,0.02137984440830566,0.7051802987746235,0.0,0.0004946475554687237,18.0
MCAR-30%,NDI-0,1.026790411158962,0.11190755423456289,0.7223075343028336,0.04429918632922726,0.0018722586444608487,18.666666666666668
MCAR-50%,MissForest,0.7904250094531975,0.16003809061375893,0.4818884168397156,0.005362264199277264,3.8724049706666643,4.0
MCAR-50%,EM-FA,0.7994993945168835,0.14303889219362695,0.5115050840831973,0.040843514541665314,0.9345445311777894,3.3333333333333335
MCAR-50%,GaussCM,0.8004538333016722,0.13631481675231982,0.5229164870837136,0.05198774587770929,0.07816076884437276,3.8
MCAR-50%,NDI-F,0.812931548685879,0.13728020354147294,0.5272352615688506,0.0,0.01136454293324878,5.066666666666666
MCAR-50%,SoftImpute,0.816345467746792,0.13467836552470444,0.5392800987463319,0.01931581985894466,0.2372680073108717,5.8
MCAR-50%,NDI-F-noclip,0.8206355473965383,0.1391253686824307,0.5402217297983266,0.062474268381994526,0.008709672132984703,6.9
MCAR-50%,Copula-NDI-F,0.8295934760367574,0.13702137600574515,0.48694599116336845,0.0,0.03154132444473761,7.8
MCAR-50%,NDI-S,0.8309909393744572,0.09508423441680657,0.5575255546221102,0.02150451375089264,0.00822980668896581,6.266666666666667
MCAR-50%,EM-PPCA,0.831935001758587,0.12284053607741706,0.5462342407531778,0.04695628529853423,0.3533365846222257,7.4
MCAR-50%,NDI-F1,0.8712342401584671,0.08910146439434505,0.5797860585653749,0.01887334005751481,0.007236076866754701,9.366666666666667
MCAR-50%,NDI-C,0.8751572261731665,0.1239183787654086,0.5927580982181312,0.05187668126871176,0.007409907111195882,10.4
MCAR-50%,MICE,0.877258517889112,0.1747212759139999,0.5682804966781583,0.04948746479355552,0.36975028831122675,11.133333333333333
MCAR-50%,KNN,0.9423199322583624,0.09791166604769758,0.6165303619554247,0.0,0.2577498029779639,12.666666666666666
MCAR-50%,GAIN,0.9869840249547638,0.17436740692736688,0.6524015927172201,0.009856869156598318,10.723803792577858,13.4
MCAR-50%,Mean,0.9956584868755135,0.025469964946581464,0.7090358540608047,0.0,0.0007494172223737287,13.6
MCAR-50%,NDI-0,1.053412836054109,0.121253851400463,0.7446279800170268,0.05040494892322807,0.002512943866551869,15.066666666666666
MNAR-30%,MissForest,0.9145605556366826,0.2030953855495968,0.5169150837236403,0.005581970165705918,4.131983550111363,2.7333333333333334
MNAR-30%,EM-FA,0.9337291526670591,0.19510830827823755,0.5660048322982729,0.03902275372128729,0.9246709180222158,3.2
MNAR-30%,HyperImpute,0.9423895777350598,0.21518189991282455,0.5444071444625306,0.0,31.496561841266644,4.714285714285714
MNAR-30%,MICE,0.9761262373267382,0.2303396765917536,0.5869519699884973,0.05883170096621433,0.7849484989553275,7.0
MNAR-30%,EM-PPCA,0.9768791522206554,0.194626818444366,0.6111647450086826,0.04655035404263747,0.2758352025777791,6.266666666666667
MNAR-30%,GAIN,0.9986857581409186,0.21407879329743645,0.6288302204454103,0.023881225446560617,10.703694907355677,8.466666666666667
MNAR-30%,ReMasker,1.0043091872314522,0.2025147865955639,0.5836839518220486,0.020541609818579772,196.2181415195328,8.666666666666666
MNAR-30%,NDI-F,1.0239998645228252,0.14907920444972697,0.6562170189930392,0.0,0.009005400933276326,9.2
MNAR-30%,GaussCM,1.0260022348424738,0.14215953516903496,0.664593927116888,0.06132092154402929,0.06472132562222312,10.2
MNAR-30%,NDI-F-noclip,1.029009483578272,0.15098648153400862,0.6677065022983292,0.06996206095662469,0.009011618688610779,10.733333333333333
MNAR-30%,Copula-NDI-F,1.0306210852642734,0.14421896817436394,0.6216699263902726,0.0,0.022488251533397636,9.866666666666667
MNAR-30%,SoftImpute,1.0383991403675732,0.15515893419376336,0.6798277921597561,0.03424249772892317,0.3753495486223679,10.866666666666667
MNAR-30%,MIWAE,1.0459146295318984,0.25678683637386956,0.5801849300864274,0.08831613743298018,11.7644337401337,12.133333333333333
MNAR-30%,NDI-S,1.0635451178796205,0.11876696365511147,0.715484997279951,0.02179855266558356,0.005805263778024158,12.733333333333333
MNAR-30%,Sinkhorn,1.0655172493321143,0.1625397634073132,0.6328836253671085,0.0420563104156613,363.5854122548004,12.333333333333334
MNAR-30%,NDI-C,1.0732682272436207,0.12376686196130122,0.714213475242806,0.04349765677131776,0.005315247489023779,13.333333333333334
MNAR-30%,NDI-F1,1.0840492714660688,0.12955188410648846,0.7289287516564296,0.023238638169075003,0.006191292066614497,14.733333333333333
MNAR-30%,KNN,1.1185404928889495,0.17534766129111296,0.710358703522369,0.0,0.19031454704471693,15.066666666666666
MNAR-30%,Mean,1.2221398871832834,0.051839073995501694,0.8823767326921246,0.0030463363796697134,0.00042209279968619947,18.133333333333333
MNAR-30%,NDI-0,1.3630507463092374,0.5041470996282664,0.930168720177432,0.05150950028188342,0.001955892733035856,18.6
