setting,classifier,method,accuracy,f1_macro
MAR-30%,KNN,Copula-NDI-F,0.7742395564524392,0.724135358735065
MAR-30%,KNN,EM-FA,0.7791708901954156,0.7294907519536712
MAR-30%,KNN,EM-PPCA,0.7723652542831687,0.7223379571012971
MAR-30%,KNN,GAIN,0.7721842467227831,0.7205929148574596
MAR-30%,KNN,GaussCM,0.7744646105638241,0.7258464763970937
MAR-30%,KNN,HyperImpute,0.7901923132813937,0.7386248775239993
MAR-30%,KNN,KNN,0.7746559701083335,0.7247135459666252
MAR-30%,KNN,MICE,0.7747886645396049,0.7246430387606679
MAR-30%,KNN,MIWAE,0.784390421316989,0.7338648494665807
MAR-30%,KNN,Mean,0.7589213668768895,0.707636875570006
MAR-30%,KNN,MissForest,0.7864507156711721,0.7378665163780173
MAR-30%,KNN,NDI-0,0.7568834169935891,0.7067516476928807
MAR-30%,KNN,NDI-C,0.7686284347795245,0.7177863886372124
MAR-30%,KNN,NDI-F,0.7728777441995729,0.7233798099124236
MAR-30%,KNN,NDI-F-noclip,0.7734002816881019,0.7237637887776225
MAR-30%,KNN,NDI-F1,0.7648063738483852,0.7131486905862572
MAR-30%,KNN,NDI-S,0.7695427806114549,0.719015849051075
MAR-30%,KNN,ReMasker,0.7860291699034045,0.7356927616359813
MAR-30%,KNN,Sinkhorn,0.787465876168968,0.7396639217194739
MAR-30%,KNN,SoftImpute,0.773398603494268,0.7233009445167166
MAR-30%,LR,Copula-NDI-F,0.7832955674345713,0.7330473751956077
MAR-30%,LR,EM-FA,0.787114482063841,0.7387663101411647
MAR-30%,LR,EM-PPCA,0.7818633242984612,0.7296326579739179
MAR-30%,LR,GAIN,0.781039974006745,0.7317345629654225
MAR-30%,LR,GaussCM,0.7814154008937128,0.7316770661699422
MAR-30%,LR,HyperImpute,0.8025666719958785,0.7525668088796155
MAR-30%,LR,KNN,0.788087656789895,0.7403159175688662
MAR-30%,LR,MICE,0.7880285009992627,0.7373587066063932
MAR-30%,LR,MIWAE,0.7982543813505739,0.7484630593195756
MAR-30%,LR,Mean,0.7722028136078475,0.7225998376872382
MAR-30%,LR,MissForest,0.8039274285412522,0.755205454282965
MAR-30%,LR,NDI-0,0.772810153289232,0.7240825087800734
MAR-30%,LR,NDI-C,0.7775009807792645,0.7274896278272046
MAR-30%,LR,NDI-F,0.7810486545543274,0.7321630370104504
MAR-30%,LR,NDI-F-noclip,0.779631910681333,0.7301788167723834
MAR-30%,LR,NDI-F1,0.779051555564535,0.7300411094084444
MAR-30%,LR,NDI-S,0.7796568668494812,0.7309218580315106
MAR-30%,LR,ReMasker,0.8001818662748843,0.7531941710242902
MAR-30%,LR,Sinkhorn,0.8021961671542077,0.7519281362983463
MAR-30%,LR,SoftImpute,0.7825536341788037,0.7343855131063554
MAR-30%,RF,Copula-NDI-F,0.8103334620674243,0.7615583297525143
MAR-30%,RF,EM-FA,0.8141523660664074,0.7645125096839561
MAR-30%,RF,EM-PPCA,0.8086522756385291,0.7577477938789811
MAR-30%,RF,GAIN,0.804804781934558,0.752128287802386
MAR-30%,RF,GaussCM,0.8094516909270714,0.7593041941898663
MAR-30%,RF,HyperImpute,0.817789740597933,0.7661143979653808
MAR-30%,RF,KNN,0.809015711213411,0.7594188396708466
MAR-30%,RF,MICE,0.8108149794915469,0.7605625790849103
MAR-30%,RF,MIWAE,0.8205198413041124,0.768295499453887
MAR-30%,RF,Mean,0.8071846028791422,0.7565514573813734
MAR-30%,RF,MissForest,0.8148675747043994,0.7650525764282307
MAR-30%,RF,NDI-0,0.7990716228748934,0.7481450784842312
MAR-30%,RF,NDI-C,0.80906465146326,0.7575995840005694
MAR-30%,RF,NDI-F,0.8072503572606079,0.7562764962927508
MAR-30%,RF,NDI-F-noclip,0.8067333794488747,0.7553144197162959
MAR-30%,RF,NDI-F1,0.8061544529805417,0.7574600123678261
MAR-30%,RF,NDI-S,0.8083656120794596,0.7573752535245742
MAR-30%,RF,ReMasker,0.8209853388993829,0.7722054050060165
MAR-30%,RF,Sinkhorn,0.8240513172353563,0.7796616477336453
MAR-30%,RF,SoftImpute,0.8098933133341772,0.7580856386288862
MAR-30%,SVC,Copula-NDI-F,0.8038919142709045,0.7479853396070844
MAR-30%,SVC,EM-FA,0.8074465003192272,0.7527523161778809
MAR-30%,SVC,EM-PPCA,0.8035697524742921,0.7483394740018874
MAR-30%,SVC,GAIN,0.8022858751931315,0.7453693426595336
MAR-30%,SVC,GaussCM,0.8025446040627857,0.747316854678439
MAR-30%,SVC,HyperImpute,0.817722279978625,0.7627166281823364
MAR-30%,SVC,KNN,0.8054576886695078,0.7499299233798458
MAR-30%,SVC,MICE,0.807817357913222,0.7528085655428185
MAR-30%,SVC,MIWAE,0.810317438403991,0.7559729674793482
MAR-30%,SVC,Mean,0.7931130965401454,0.7380246838072245
MAR-30%,SVC,MissForest,0.8154407066453458,0.761862740368493
MAR-30%,SVC,NDI-0,0.7944554283505162,0.7364626277483168
MAR-30%,SVC,NDI-C,0.802303263391644,0.7478208694265056
MAR-30%,SVC,NDI-F,0.8033369151396174,0.7482326455854478
MAR-30%,SVC,NDI-F-noclip,0.8032492062798631,0.7472985554591901
MAR-30%,SVC,NDI-F1,0.8010016084345672,0.745281810167806
MAR-30%,SVC,NDI-S,0.8033265465630619,0.7486119865427581
MAR-30%,SVC,ReMasker,0.8123294879163947,0.7606272328776241
MAR-30%,SVC,Sinkhorn,0.8133567325639397,0.7609203645761997
MAR-30%,SVC,SoftImpute,0.8036285358054728,0.7484818212432536
MCAR-30%,KNN,Copula-NDI-F,0.7721295422249489,0.7227954235342479
MCAR-30%,KNN,EM-FA,0.7738425307695631,0.7263573126187655
MCAR-30%,KNN,EM-PPCA,0.7694551918857097,0.7211625363055358
MCAR-30%,KNN,GAIN,0.7645358618309549,0.7166194559319702
MCAR-30%,KNN,GaussCM,0.7738810830256285,0.7254389769320748
MCAR-30%,KNN,HyperImpute,0.7701389118830108,0.7194833334754669
MCAR-30%,KNN,KNN,0.7634875754817207,0.7135975027325381
MCAR-30%,KNN,MICE,0.7747634728009009,0.7264830407393701
MCAR-30%,KNN,MIWAE,0.7712124326368077,0.718511752870653
MCAR-30%,KNN,Mean,0.7502273305066853,0.699321634205657
MCAR-30%,KNN,MissForest,0.7840038742534446,0.7345088493603495
MCAR-30%,KNN,NDI-0,0.7456357595326032,0.6917551082945531
MCAR-30%,KNN,NDI-C,0.7616195028170801,0.7103895494693534
MCAR-30%,KNN,NDI-F,0.7705609614924893,0.7237524232971675
MCAR-30%,KNN,NDI-F-noclip,0.7695903132423239,0.7223893280741257
MCAR-30%,KNN,NDI-F1,0.7571726598183315,0.703931641557086
MCAR-30%,KNN,NDI-S,0.7634423777611927,0.7132699336757079
MCAR-30%,KNN,ReMasker,0.7788290035766284,0.7309586701242288
MCAR-30%,KNN,Sinkhorn,0.7777943422174414,0.7314278856509131
MCAR-30%,KNN,SoftImpute,0.7708538264481911,0.7221647131127382
MCAR-30%,LR,Copula-NDI-F,0.7829884897992166,0.7348697877979669
MCAR-30%,LR,EM-FA,0.7856386418666388,0.7375445576674085
MCAR-30%,LR,EM-PPCA,0.7789292493639562,0.7287281632481127
MCAR-30%,LR,GAIN,0.7759140397332304,0.7270601340505929
MCAR-30%,LR,GaussCM,0.7867857866387075,0.738141618275635
MCAR-30%,LR,HyperImpute,0.7903230861243663,0.7410186338972627
MCAR-30%,LR,KNN,0.7767416934427399,0.7279891066074784
MCAR-30%,LR,MICE,0.7838585908650967,0.7337259960746279
MCAR-30%,LR,MIWAE,0.7894180976617449,0.738650416982546
MCAR-30%,LR,Mean,0.7594260366360087,0.7095013408227653
MCAR-30%,LR,MissForest,0.8002971159000408,0.7535548753110591
MCAR-30%,LR,NDI-0,0.7590707621242804,0.710025753236523
MCAR-30%,LR,NDI-C,0.7761809383782681,0.7263280580524358
MCAR-30%,LR,NDI-F,0.7813353192992044,0.7328066472077336
MCAR-30%,LR,NDI-F-noclip,0.780955858257802,0.7315345826494766
MCAR-30%,LR,NDI-F1,0.7749114591854223,0.7265392008774676
MCAR-30%,LR,NDI-S,0.7773515867165964,0.7278309629642756
MCAR-30%,LR,ReMasker,0.7976078035134561,0.7505847520160683
MCAR-30%,LR,Sinkhorn,0.7934213533728933,0.7436951199460443
MCAR-30%,LR,SoftImpute,0.7843552635513938,0.7348846572792976
MCAR-30%,RF,Copula-NDI-F,0.8038332131660844,0.7536298433008864
MCAR-30%,RF,EM-FA,0.8089642551693004,0.7583367887135991
MCAR-30%,RF,EM-PPCA,0.8029024363541382,0.7501226612993225
MCAR-30%,RF,GAIN,0.7982450116800665,0.7469699831495176
MCAR-30%,RF,GaussCM,0.8065870005881315,0.758307312312519
MCAR-30%,RF,HyperImpute,0.8082176093893862,0.7610524952063367
MCAR-30%,RF,KNN,0.7969612429803447,0.7446323856135082
MCAR-30%,RF,MICE,0.8061938593963414,0.7578399200384152
MCAR-30%,RF,MIWAE,0.8080677250972382,0.754691274924762
MCAR-30%,RF,Mean,0.7969688974992992,0.7446499405198475
MCAR-30%,RF,MissForest,0.8105107732953354,0.7613474782469578
MCAR-30%,RF,NDI-0,0.7869567441432668,0.7325987956023686
MCAR-30%,RF,NDI-C,0.8001268254278593,0.7492428356085719
MCAR-30%,RF,NDI-F,0.8041048490724535,0.7540202708928048
MCAR-30%,RF,NDI-F-noclip,0.8064056186686239,0.7556575315739923
MCAR-30%,RF,NDI-F1,0.8017443995960718,0.7505194980291485
MCAR-30%,RF,NDI-S,0.8016302808493947,0.751715207009191
MCAR-30%,RF,ReMasker,0.8087824996442478,0.7629072161500545
MCAR-30%,RF,Sinkhorn,0.8127189372783283,0.7628330403904082
MCAR-30%,RF,SoftImpute,0.8082303330969113,0.7587807164833235
MCAR-30%,SVC,Copula-NDI-F,0.7997375113393892,0.7439595698665106
MCAR-30%,SVC,EM-FA,0.8046809534937452,0.7539917242473646
MCAR-30%,SVC,EM-PPCA,0.8000784827236042,0.7454163245927782
MCAR-30%,SVC,GAIN,0.7947177633472767,0.7404165392168489
MCAR-30%,SVC,GaussCM,0.8049113946295227,0.7550760312787359
MCAR-30%,SVC,HyperImpute,0.8025104197860644,0.7462792083433035
MCAR-30%,SVC,KNN,0.794086173980791,0.7389900590470246
MCAR-30%,SVC,MICE,0.8031946020063294,0.7514796368322542
MCAR-30%,SVC,MIWAE,0.8008579422036426,0.7418107412637309
MCAR-30%,SVC,Mean,0.7866985332760615,0.7304129741833936
MCAR-30%,SVC,MissForest,0.8124084529068879,0.759334949516319
MCAR-30%,SVC,NDI-0,0.783496668535681,0.7255319778688372
MCAR-30%,SVC,NDI-C,0.7942488179501043,0.7365531693187639
MCAR-30%,SVC,NDI-F,0.8006866639577492,0.7480348133808039
MCAR-30%,SVC,NDI-F-noclip,0.8007976545187383,0.7472453872383638
MCAR-30%,SVC,NDI-F1,0.7939331524569455,0.7370666015873487
MCAR-30%,SVC,NDI-S,0.7968928042348835,0.7428146249366585
MCAR-30%,SVC,ReMasker,0.8053922449320247,0.7534217361875459
MCAR-30%,SVC,Sinkhorn,0.8051780795917322,0.7519082930993668
MCAR-30%,SVC,SoftImpute,0.8027488101205307,0.7507275854603112
MNAR-30%,KNN,Copula-NDI-F,0.7648109568772645,0.7108081697495258
MNAR-30%,KNN,EM-FA,0.7797910320740796,0.7286336752766316
MNAR-30%,KNN,EM-PPCA,0.7743545034560951,0.7227129448256131
MNAR-30%,KNN,GAIN,0.7712993131618296,0.7171658633295906
MNAR-30%,KNN,GaussCM,0.7653204032655623,0.7131266398931757
MNAR-30%,KNN,HyperImpute,0.7844728092435123,0.7300009904603649
MNAR-30%,KNN,KNN,0.7589657093356237,0.7044396172669879
MNAR-30%,KNN,MICE,0.7763354186892051,0.7261339758528071
MNAR-30%,KNN,MIWAE,0.768686226503277,0.713639491959464
MNAR-30%,KNN,Mean,0.7523684282855633,0.6976091477907737
MNAR-30%,KNN,MissForest,0.7842565416932439,0.7317459854629235
MNAR-30%,KNN,NDI-0,0.7482012103542661,0.6931254395643331
MNAR-30%,KNN,NDI-C,0.7627947017880148,0.7071976781040828
MNAR-30%,KNN,NDI-F,0.7665535213179218,0.7133221631115575
MNAR-30%,KNN,NDI-F-noclip,0.7652504513417299,0.7130943010491353
MNAR-30%,KNN,NDI-F1,0.7584153283637406,0.701517428700932
MNAR-30%,KNN,NDI-S,0.7639197093445523,0.7099870748312572
MNAR-30%,KNN,ReMasker,0.7834784505260127,0.7330521451513604
MNAR-30%,KNN,Sinkhorn,0.7820182722439781,0.729476031919859
MNAR-30%,KNN,SoftImpute,0.7706803877202311,0.7181134459387377
MNAR-30%,LR,Copula-NDI-F,0.7789956334179629,0.7251826298476178
MNAR-30%,LR,EM-FA,0.7901495526203726,0.7373682367437692
MNAR-30%,LR,EM-PPCA,0.7867453835993561,0.7344163103709104
MNAR-30%,LR,GAIN,0.7874068253282598,0.7347019719971393
MNAR-30%,LR,GaussCM,0.7795337119909677,0.7284973568523586
MNAR-30%,LR,HyperImpute,0.8000279965746266,0.7473050027961292
MNAR-30%,LR,KNN,0.7755357002618033,0.7236068150610471
MNAR-30%,LR,MICE,0.789749846132483,0.7355141704465475
MNAR-30%,LR,MIWAE,0.7942203580329225,0.7434085670369414
MNAR-30%,LR,Mean,0.7678561896036923,0.7150445958928994
MNAR-30%,LR,MissForest,0.8017647918447267,0.7509463094848098
MNAR-30%,LR,NDI-0,0.767035643261112,0.7124862372366081
MNAR-30%,LR,NDI-C,0.7772181750707119,0.7248120297223026
MNAR-30%,LR,NDI-F,0.7816826510784529,0.7308450789568792
MNAR-30%,LR,NDI-F-noclip,0.7802427211106697,0.7289414345257871
MNAR-30%,LR,NDI-F1,0.774633179645333,0.7218959997041968
MNAR-30%,LR,NDI-S,0.7777078033119047,0.7262418729146426
MNAR-30%,LR,ReMasker,0.803256329037516,0.7575240829940079
MNAR-30%,LR,Sinkhorn,0.8003579478514135,0.7547930138300677
MNAR-30%,LR,SoftImpute,0.7833469760497432,0.732118823010249
MNAR-30%,RF,Copula-NDI-F,0.7994196576977539,0.74832051217148
MNAR-30%,RF,EM-FA,0.8107921985275962,0.7611388014384444
MNAR-30%,RF,EM-PPCA,0.8075092065725418,0.7549336035194169
MNAR-30%,RF,GAIN,0.8045452012057303,0.7517468645117678
MNAR-30%,RF,GaussCM,0.8019390750299082,0.7509773043835739
MNAR-30%,RF,HyperImpute,0.8167065155931165,0.7609113747130699
MNAR-30%,RF,KNN,0.7939828797954692,0.7400428992738959
MNAR-30%,RF,MICE,0.8101915747943871,0.7595961688881293
MNAR-30%,RF,MIWAE,0.8107388136051416,0.7619572023670045
MNAR-30%,RF,Mean,0.8104662192199664,0.759027288822969
MNAR-30%,RF,MissForest,0.8113333461114727,0.7588170023731841
MNAR-30%,RF,NDI-0,0.7933600985640115,0.7397853298677994
MNAR-30%,RF,NDI-C,0.8012560973286622,0.7479961658668695
MNAR-30%,RF,NDI-F,0.8025921360578712,0.7513305791534421
MNAR-30%,RF,NDI-F-noclip,0.8018855334396998,0.7500739160792205
MNAR-30%,RF,NDI-F1,0.804252155760992,0.7515529544130162
MNAR-30%,RF,NDI-S,0.8054924458877983,0.7532398595390455
MNAR-30%,RF,ReMasker,0.8165625883980248,0.7629828894730798
MNAR-30%,RF,Sinkhorn,0.8134221811115336,0.7644367370071516
MNAR-30%,RF,SoftImpute,0.8086136530447899,0.7573284806392504
MNAR-30%,SVC,Copula-NDI-F,0.7967192721732361,0.7369999078688243
MNAR-30%,SVC,EM-FA,0.8075409996380318,0.7531666177312693
MNAR-30%,SVC,EM-PPCA,0.8040191645481597,0.7466485567047721
MNAR-30%,SVC,GAIN,0.8026326849193702,0.7443353808909465
MNAR-30%,SVC,GaussCM,0.7994508643329925,0.7430208937801847
MNAR-30%,SVC,HyperImpute,0.8114978450414967,0.7570332506461706
MNAR-30%,SVC,KNN,0.790814849537318,0.7329943057529178
MNAR-30%,SVC,MICE,0.8074229922252495,0.7503570192846374
MNAR-30%,SVC,MIWAE,0.8062880427720504,0.7501565836848445
MNAR-30%,SVC,Mean,0.794249774171429,0.7371022437772036
MNAR-30%,SVC,MissForest,0.8118082954367503,0.7535424678810074
MNAR-30%,SVC,NDI-0,0.7896954936252392,0.7293908475671734
MNAR-30%,SVC,NDI-C,0.7953249239060144,0.7357308625896363
MNAR-30%,SVC,NDI-F,0.798231495718315,0.7400066545626675
MNAR-30%,SVC,NDI-F-noclip,0.7972783746149482,0.7385607197222703
MNAR-30%,SVC,NDI-F1,0.7968617615176511,0.7362759802180994
MNAR-30%,SVC,NDI-S,0.7971402407289631,0.7392982978081544
MNAR-30%,SVC,ReMasker,0.814980794751575,0.7586019469090701
MNAR-30%,SVC,Sinkhorn,0.8129436098261884,0.7588689578518616
MNAR-30%,SVC,SoftImpute,0.8033930665093316,0.7478754975925866
complete data,KNN,COMPLETE,0.821693483214787,0.7772463840678395
complete data,LR,COMPLETE,0.8379552758962258,0.795791497147678
complete data,RF,COMPLETE,0.8618938619289771,0.8209508463554084
complete data,SVC,COMPLETE,0.8520464268551374,0.8072094276168806
