,iterations,iterations,rmse_final,rmse_final,time_s,time_s
init,NDI-F,mean,NDI-F,mean,NDI-F,mean
dataset,,,,,,
MagicTelescope,3.333,5.333,0.707,0.708,5.163,6.628
banknote,5.0,5.333,0.68,0.674,1.412,1.493
diabetes,5.0,5.333,0.929,0.927,3.15,2.773
ecoli,4.0,3.667,0.83,0.83,1.907,1.803
glass,5.0,3.667,0.705,0.698,2.904,2.303
ionosphere,3.667,3.667,0.723,0.723,8.718,9.111
iris,4.0,5.333,0.572,0.582,1.033,1.314
qsar-biodeg,5.0,4.667,0.568,0.572,17.917,16.332
segment,3.667,3.667,0.53,0.532,9.285,9.086
spambase,3.0,4.333,0.898,0.896,23.123,30.509
vehicle,3.333,5.0,0.445,0.458,4.833,7.568
wdbc,4.0,6.667,0.501,0.5,9.626,14.385
wine,4.0,5.333,0.732,0.736,3.419,4.732
wine-quality-red,5.333,5.667,0.745,0.743,6.186,5.456
yeast,6.333,4.333,0.991,0.994,4.03,2.739
