dataset,mechanism,rate,seed,init,rmse_init,rmse_iter1,rmse_final,iterations,iters_to_within_1pct,time_s,rmse_history
iris,MCAR,0.3,0,mean,0.9639951520398511,0.5582572636545586,0.5426532568663911,4,2,1.0347447649983224,0.5583;0.5245;0.5334;0.5427
iris,MCAR,0.3,0,NDI-F,0.6034861887501349,0.5251345866890728,0.514533828362443,5,5,1.2714089920045808,0.5251;0.5350;0.5456;0.5312;0.5145
iris,MCAR,0.3,1,mean,1.0492202572721172,0.5775260165988689,0.5264454527743854,7,6,1.6766720750019886,0.5775;0.5370;0.5385;0.5332;0.5399;0.5307;0.5264
iris,MCAR,0.3,1,NDI-F,0.6356982339611416,0.5338211776749521,0.5209928014364247,5,4,1.222073549994093,0.5338;0.5344;0.5361;0.5233;0.5210
iris,MCAR,0.3,2,mean,1.0429075310189022,0.6698059332748759,0.6763804636187228,5,3,1.2294678480029688,0.6698;0.6745;0.6492;0.6632;0.6764
iris,MCAR,0.3,2,NDI-F,0.7155670570887367,0.6699568010776158,0.6813803099977594,2,1,0.6042198659997666,0.6700;0.6814
wine,MCAR,0.3,0,mean,0.9905651844898922,0.7221647723931138,0.7359672356476241,7,1,6.106063379003899,0.7222;0.7156;0.7156;0.7188;0.7189;0.7201;0.7360
wine,MCAR,0.3,0,NDI-F,0.7743659805489254,0.7199402567722868,0.7295010947293618,4,1,3.4128902449956513,0.7199;0.7326;0.7242;0.7295
wine,MCAR,0.3,1,mean,1.0119539154463333,0.7865015510380108,0.7636820231946291,4,2,3.4094851929985452,0.7865;0.7663;0.7745;0.7637
wine,MCAR,0.3,1,NDI-F,0.7876041278869957,0.7573199117548657,0.7603790995633671,4,1,3.460263937995478,0.7573;0.7582;0.7612;0.7604
wine,MCAR,0.3,2,mean,1.0177407209324851,0.7647883911950135,0.7084234309507864,5,4,4.681627388999914,0.7648;0.7277;0.7175;0.7148;0.7084
wine,MCAR,0.3,2,NDI-F,0.7744780712882826,0.7239069103749828,0.7059400495031413,4,2,3.384686616998806,0.7239;0.7078;0.7090;0.7059
glass,MCAR,0.3,0,mean,0.9936051946667322,0.7944226628194283,0.7665891405459764,5,4,2.8101092259967118,0.7944;0.7653;0.7670;0.7576;0.7666
glass,MCAR,0.3,0,NDI-F,0.810454780339627,0.7771248199383896,0.7873113146815502,4,1,2.4218703850056045,0.7771;0.7880;0.7903;0.7873
glass,MCAR,0.3,1,mean,0.9105987247076671,0.6904185192141544,0.6728220353559,3,2,2.2359187449983438,0.6904;0.6722;0.6728
glass,MCAR,0.3,1,NDI-F,0.7374164959925317,0.6803143010290712,0.6526809353738794,5,3,3.014704654000525,0.6803;0.6608;0.6539;0.6554;0.6527
glass,MCAR,0.3,2,mean,0.9244166081085756,0.6818947599152406,0.6545157600171622,3,2,1.862591582001187,0.6819;0.6596;0.6545
glass,MCAR,0.3,2,NDI-F,0.8031399985071007,0.6832419617161999,0.6743722747719427,6,2,3.2739268479999737,0.6832;0.6707;0.6864;0.6883;0.6791;0.6744
ecoli,MCAR,0.3,0,mean,0.9951635070478796,0.8792760978367311,0.8787721828191327,4,1,1.7706080739953904,0.8793;0.8776;0.8713;0.8788
ecoli,MCAR,0.3,0,NDI-F,0.8861935777631991,0.8673277729759484,0.8833907509725556,4,1,1.980052100996545,0.8673;0.8762;0.8892;0.8834
ecoli,MCAR,0.3,1,mean,0.9391969002242049,0.8115095293609592,0.811896731744203,4,1,2.1716617179990862,0.8115;0.8239;0.8163;0.8119
ecoli,MCAR,0.3,1,NDI-F,0.8076886699991744,0.8019540645005162,0.7967359019103271,4,2,1.9224845729986555,0.8020;0.7938;0.8112;0.7967
ecoli,MCAR,0.3,2,mean,0.9244234674509605,0.7991961125555938,0.8005530316651333,3,1,1.4662309479972464,0.7992;0.7924;0.8006
ecoli,MCAR,0.3,2,NDI-F,0.850831263530692,0.7973977206465068,0.8111229125561082,4,1,1.8169954800032428,0.7974;0.8099;0.8137;0.8111
ionosphere,MCAR,0.3,0,mean,0.9892488502775917,0.7553327262715623,0.7458403227222512,3,2,7.700807602996065,0.7553;0.7414;0.7458
ionosphere,MCAR,0.3,0,NDI-F,0.8034191332001996,0.7382297187504374,0.7444894336967726,3,1,7.385789834996103,0.7382;0.7413;0.7445
ionosphere,MCAR,0.3,1,mean,0.9870910662165112,0.7259895951520811,0.711045311516252,3,2,8.109306767997623,0.7260;0.7086;0.7110
ionosphere,MCAR,0.3,1,NDI-F,0.7981214545521446,0.7074262119386664,0.7037297549054111,4,1,8.782486271004018,0.7074;0.7052;0.7098;0.7037
ionosphere,MCAR,0.3,2,mean,0.9921801482824631,0.7433651640050484,0.7127240825400561,5,3,11.52423131600517,0.7434;0.7216;0.7170;0.7141;0.7127
ionosphere,MCAR,0.3,2,NDI-F,0.7932338679992742,0.726783386463936,0.7196806279527275,4,2,9.98580398500053,0.7268;0.7151;0.7200;0.7197
wdbc,MCAR,0.3,0,mean,0.9888212627269691,0.5215602960675114,0.495299622091744,4,2,10.19827683299809,0.5216;0.4994;0.4997;0.4953
wdbc,MCAR,0.3,0,NDI-F,0.4635005559954919,0.4862599098623574,0.495710624389235,4,1,9.0655775990017,0.4863;0.4951;0.4940;0.4957
wdbc,MCAR,0.3,1,mean,0.9826797592337784,0.5120622011447822,0.4867400082927215,8,3,17.122235811999417,0.5121;0.4894;0.4880;0.4840;0.4896;0.4888;0.4833;0.4867
wdbc,MCAR,0.3,1,NDI-F,0.4620952639346112,0.4815960011164823,0.49015313162735896,3,1,7.6291122309994535,0.4816;0.4862;0.4902
wdbc,MCAR,0.3,2,mean,0.9879857770757171,0.5353561255595771,0.5183888938488471,8,2,15.834734639996896,0.5354;0.5158;0.5124;0.5145;0.5190;0.5163;0.5145;0.5184
wdbc,MCAR,0.3,2,NDI-F,0.48688455778086126,0.5041854949266898,0.5180055722409712,5,1,12.18407275500067,0.5042;0.5108;0.5184;0.5170;0.5180
diabetes,MCAR,0.3,0,mean,1.003018290849165,0.91225228446402,0.9383543205882554,4,1,2.1807615110010374,0.9123;0.9292;0.9414;0.9384
diabetes,MCAR,0.3,0,NDI-F,0.9344033083424381,0.911126758643222,0.931960546049141,5,1,3.635688392998418,0.9111;0.9195;0.9286;0.9336;0.9320
diabetes,MCAR,0.3,1,mean,0.982298459309575,0.9130944746622598,0.9314384914361323,6,1,3.0891163699998287,0.9131;0.9266;0.9354;0.9367;0.9341;0.9314
diabetes,MCAR,0.3,1,NDI-F,0.9581553764559448,0.927648962785802,0.938725051853581,5,1,2.604341710000881,0.9276;0.9335;0.9486;0.9389;0.9387
diabetes,MCAR,0.3,2,mean,0.966183347586406,0.8839652919124469,0.9126795616365172,6,1,3.0493542900003376,0.8840;0.8978;0.9026;0.9039;0.9049;0.9127
diabetes,MCAR,0.3,2,NDI-F,0.9217357233876153,0.8960841335094515,0.9165054723691511,5,1,3.2096315739981947,0.8961;0.9069;0.9024;0.9075;0.9165
vehicle,MCAR,0.3,0,mean,0.9844248047176509,0.47799980890810706,0.45285978332912646,5,3,7.14628840599471,0.4780;0.4562;0.4546;0.4517;0.4529
vehicle,MCAR,0.3,0,NDI-F,0.5250074018408739,0.43295562309046876,0.42443904470837235,3,2,4.458501265005907,0.4330;0.4238;0.4244
vehicle,MCAR,0.3,1,mean,0.9961377320928415,0.4617952287435049,0.44216495333330724,6,2,8.912613612003042,0.4618;0.4408;0.4371;0.4404;0.4389;0.4422
vehicle,MCAR,0.3,1,NDI-F,0.5165322162710869,0.44534521416414413,0.4390643748408859,3,2,4.450412849000713,0.4453;0.4403;0.4391
vehicle,MCAR,0.3,2,mean,1.0212227473767208,0.5186771517279416,0.47827400568207046,4,2,6.645228984998539,0.5187;0.4737;0.4711;0.4783
vehicle,MCAR,0.3,2,NDI-F,0.5357794355168775,0.4771853884128568,0.47231514902871113,4,2,5.590286478000053,0.4772;0.4735;0.4769;0.4723
yeast,MCAR,0.3,0,mean,1.0321642619926332,1.0063560752416387,1.0378419455633807,5,1,3.288589070994931,1.0064;1.0274;1.0365;1.0322;1.0378
yeast,MCAR,0.3,0,NDI-F,1.0518840811688004,1.0198358086503745,1.0220825776165978,7,1,4.464425192003546,1.0198;1.0249;1.0197;1.0274;1.0287;1.0182;1.0221
yeast,MCAR,0.3,1,mean,1.0142423108149585,0.9888699000581725,0.9905763824949897,4,1,2.359907903999556,0.9889;0.9870;0.9910;0.9906
yeast,MCAR,0.3,1,NDI-F,0.9951930673138298,0.9914596159553913,0.9939778230103031,6,1,3.3079693499967107,0.9915;0.9898;0.9939;0.9901;0.9889;0.9940
yeast,MCAR,0.3,2,mean,0.9617590325120605,0.9393635321420296,0.9531591597900956,4,1,2.568482522998238,0.9394;0.9505;0.9549;0.9532
yeast,MCAR,0.3,2,NDI-F,0.9775942952879683,0.9504477339081286,0.9562889380712383,6,1,4.3162861070013605,0.9504;0.9555;0.9557;0.9637;0.9592;0.9563
banknote,MCAR,0.3,0,mean,0.9793496254585383,0.6481653228410441,0.6699427227462368,7,1,1.8990660609997576,0.6482;0.6495;0.6640;0.6765;0.6669;0.6626;0.6699
banknote,MCAR,0.3,0,NDI-F,0.7794846173964315,0.6672317561571447,0.6704148353100999,4,1,1.1763975450012367,0.6672;0.6663;0.6698;0.6704
banknote,MCAR,0.3,1,mean,0.9968347022126858,0.6349710384536265,0.6455463745007023,4,1,1.1851730099951965,0.6350;0.6396;0.6382;0.6455
banknote,MCAR,0.3,1,NDI-F,0.760198123863784,0.6570502900663805,0.6531077688741281,6,3,1.634227099995769,0.6571;0.6581;0.6477;0.6503;0.6551;0.6531
banknote,MCAR,0.3,2,mean,0.9947912408815802,0.671992134375487,0.7079237257056736,5,1,1.3932690440051374,0.6720;0.6994;0.6958;0.7048;0.7079
banknote,MCAR,0.3,2,NDI-F,0.7959774460713663,0.6973795028958909,0.7157803116605589,5,1,1.4251845319959102,0.6974;0.7047;0.7107;0.7121;0.7158
qsar-biodeg,MCAR,0.3,0,mean,1.0097673672816845,0.6315840726486304,0.578952764387447,4,2,14.691914483999426,0.6316;0.5823;0.5789;0.5790
qsar-biodeg,MCAR,0.3,0,NDI-F,0.6657898160846746,0.5841834554328439,0.5776344543265264,6,3,20.67340023200086,0.5842;0.5832;0.5800;0.5793;0.5753;0.5776
qsar-biodeg,MCAR,0.3,1,mean,0.9832243382312018,0.5970187999260144,0.5379856708106862,6,4,19.873900974998833,0.5970;0.5376;0.5399;0.5318;0.5370;0.5380
qsar-biodeg,MCAR,0.3,1,NDI-F,0.6527149349308674,0.5347875430347939,0.5306987470560744,5,3,18.53391427400493,0.5348;0.5358;0.5280;0.5306;0.5307
qsar-biodeg,MCAR,0.3,2,mean,1.026508195280229,0.6436240589923953,0.5984946191300949,4,3,14.430887322996568,0.6436;0.6066;0.6031;0.5985
qsar-biodeg,MCAR,0.3,2,NDI-F,0.6829175818844075,0.6116822940492253,0.5951551877265638,4,2,14.544486432998383,0.6117;0.5963;0.6016;0.5952
wine-quality-red,MCAR,0.3,0,mean,1.034968050738148,0.7604162369318963,0.7491779519010421,5,2,4.860646159002499,0.7604;0.7527;0.7503;0.7499;0.7492
wine-quality-red,MCAR,0.3,0,NDI-F,0.8587424027133251,0.7668275469815602,0.7520645991951646,5,2,6.264760498001124,0.7668;0.7561;0.7556;0.7523;0.7521
wine-quality-red,MCAR,0.3,1,mean,1.0041405144803075,0.7543254396882288,0.748709422220154,6,2,5.7173586190037895,0.7543;0.7402;0.7437;0.7396;0.7438;0.7487
wine-quality-red,MCAR,0.3,1,NDI-F,0.831057107571962,0.7505696844325253,0.7456304238513771,7,2,7.964543150999816,0.7506;0.7461;0.7410;0.7448;0.7439;0.7467;0.7456
wine-quality-red,MCAR,0.3,2,mean,0.9971097351057608,0.7367543126917788,0.7297129088364668,6,2,5.791426349998801,0.7368;0.7275;0.7313;0.7333;0.7287;0.7297
wine-quality-red,MCAR,0.3,2,NDI-F,0.8339260777590065,0.7487627774494817,0.7373166814430095,4,2,4.3301070270026685,0.7488;0.7346;0.7435;0.7373
segment,MCAR,0.3,0,mean,1.026807736035742,0.5890364559173812,0.5462428610236912,4,2,10.002413761998469,0.5890;0.5499;0.5519;0.5462
segment,MCAR,0.3,0,NDI-F,0.6870740925372172,0.5671694459220037,0.5530192771693763,3,3,8.547101039999689,0.5672;0.5589;0.5530
segment,MCAR,0.3,1,mean,0.9837264431815147,0.5163914287497903,0.5072665235061523,4,2,8.710158957001113,0.5164;0.5087;0.5136;0.5073
segment,MCAR,0.3,1,NDI-F,0.6436950787363794,0.5061391722486909,0.5052585926426834,4,2,10.34665809800208,0.5061;0.4935;0.5042;0.5053
segment,MCAR,0.3,2,mean,1.023791294792846,0.5719443264932019,0.5429119292966899,3,2,8.544366797999828,0.5719;0.5402;0.5429
segment,MCAR,0.3,2,NDI-F,0.6822005018963544,0.5463160745961599,0.5313748151967848,4,4,8.961049659999844,0.5463;0.5392;0.5370;0.5314
spambase,MCAR,0.3,0,mean,0.98081854827175,0.8756514933085051,0.8679891913872837,4,2,28.572933241004648,0.8757;0.8669;0.8714;0.8680
spambase,MCAR,0.3,0,NDI-F,0.8960975137953326,0.8745524971193692,0.866472402413206,3,1,23.562521095998818,0.8746;0.8677;0.8665
spambase,MCAR,0.3,1,mean,0.9906545839498865,0.8936595540830243,0.890884951495513,5,1,35.140790468001796,0.8937;0.8856;0.8905;0.8902;0.8909
spambase,MCAR,0.3,1,NDI-F,0.9180639737629335,0.8905117009890213,0.8902254142295275,3,1,22.34027669399802,0.8905;0.8927;0.8902
spambase,MCAR,0.3,2,mean,1.0481402556910888,0.9404919820897596,0.9305944106705121,4,2,27.813896792999003,0.9405;0.9296;0.9309;0.9306
spambase,MCAR,0.3,2,NDI-F,0.9583295309777621,0.9355991598920321,0.9362480282368737,3,1,23.466288567004085,0.9356;0.9358;0.9362
MagicTelescope,MCAR,0.3,0,mean,1.0018444221473284,0.7229416030419816,0.7206510708051961,8,3,9.632144228999096,0.7229;0.7221;0.7191;0.7175;0.7142;0.7161;0.7227;0.7207
MagicTelescope,MCAR,0.3,0,NDI-F,0.7889687179551707,0.7124992957492493,0.7120805134470248,3,1,4.068111574000795,0.7125;0.7163;0.7121
MagicTelescope,MCAR,0.3,1,mean,1.0078291835721176,0.7181291875163964,0.7097710272988152,3,2,4.046954985999037,0.7181;0.7074;0.7098
MagicTelescope,MCAR,0.3,1,NDI-F,0.8004320524350284,0.7133804705870249,0.707174493974866,3,1,5.5240260229984415,0.7134;0.7098;0.7072
MagicTelescope,MCAR,0.3,2,mean,0.9972579996478926,0.7043855260882835,0.6922198621743797,5,2,6.206393334003224,0.7044;0.6979;0.6921;0.6984;0.6922
MagicTelescope,MCAR,0.3,2,NDI-F,0.7833936537527909,0.7111280561198786,0.7030554677896083,4,3,5.896319726998627,0.7111;0.7086;0.6979;0.7031
